puma,year,mergeid,estimate_black_females,estimate_total_pop,percent_black_only,percent_black_women,quantile_black_women,gini_index,percent_second_mortgage,percent_owner_occupied,percent_renter_occupied,percent_vacant_housing,homeowner_vacancy_rate,rental_vacancy_rate,percent_same_house_1_year,percent_no_plumbing,percent_no_kitchen,percent_overcrowding,avg_household_size,percent_owner_cost_burdent,rent_median_dollars,percent_renter_cost_burden,median_value_home,median_income,percent_below_poverty,percent_units_mortgage,percent_hispanic,percent_white_only,percent_american_indian,percent_asian,percent_hawaiian,percent_other_race,percent_twomore_races,disability_status,total_housing_units,num_renter_occupied,num_owner_occupied,num_total_occupied,percent_born_us,english_prof,percent_college,percent_uninsured,percent_unemployed
3603701,2011,3603701 _ 2011,8349,106558,14.3,7.83516957900861,3,0.4852,14.0,30.7,69.3,8.7,4.7,3.8,88.7,0.7,0.6,2.8,2.43,20.1,1110,39.4,319500,53980,14.1,55.9,45.1,45.5,0.3,4.8,0.1,31.4,3.7,14.348999999999993,45433,28757,12714,41471,62.3,20.3,38.7,11.982999999999985,6.3
3603702,2011,3603702 _ 2011,56929,144403,70.4,39.4236961835973,5,0.4291,14.9,37.5,62.5,7.5,2.1,5.1,91.3,0.8,1.0,2.2,3.01,59.5,1077,47.0,414800,46927,15.4,72.6,20.3,11.6,0.5,2.5,0.0,12.6,2.3,11.124999999999988,51321,29678,17780,47458,56.1,7.7,22.1,14.353333333333333,8.5
3603703,2011,3603703 _ 2011,17630,115784,27.2,15.2266288951841,4,0.4293,13.6,49.0,51.0,6.1,1.0,1.8,90.9,0.8,1.2,0.7,2.46,39.1,1026,36.5,348500,53527,9.8,48.0,32.8,49.0,0.4,2.1,0.0,18.2,3.0,13.975333333333323,48946,23433,22537,45970,76.3,10.2,24.2,9.534666666666665,5.5
3603704,2011,3603704 _ 2011,15386,125976,23.0,12.2134374801549,3,0.45,19.0,30.1,69.9,6.5,1.0,3.2,88.5,0.4,0.8,3.2,2.76,50.9,1055,43.8,453900,45770,16.6,68.0,41.1,35.6,0.4,9.4,0.0,28.4,3.2,13.16899999999996,47577,31071,13398,44469,58.9,21.2,23.2,13.788666666666684,6.4
3603705,2011,3603705 _ 2011,30973,154386,36.4,20.062052258624497,4,0.4847,12.1,7.5,92.5,8.5,8.5,4.5,88.4,0.9,1.0,3.5,2.9,57.3,833,51.1,390100,22068,38.7,69.3,62.3,14.0,0.6,1.1,0.0,44.6,3.1,14.863333333333324,55842,47237,3850,51087,60.8,28.5,9.7,15.490666666666678,8.4
3603706,2011,3603706 _ 2011,14652,122978,21.6,11.9143261396347,3,0.4699,10.7,8.2,91.8,7.7,6.2,3.5,87.2,0.8,1.3,4.9,2.8,39.1,1032,54.7,232700,30866,30.5,69.0,65.3,16.7,0.5,5.4,0.0,52.2,3.6,12.979333333333283,46688,39582,3521,43103,52.4,32.3,15.9,18.17499999999996,8.2
3603707,2011,3603707 _ 2011,24628,132695,34.9,18.559855307283602,4,0.4556,22.6,4.1,95.9,8.0,8.0,3.3,85.9,1.3,1.3,6.4,3.04,60.3,954,52.9,421300,26347,35.6,64.7,66.1,11.1,0.5,1.6,0.1,48.2,3.6,14.865333333333332,46330,40889,1737,42626,53.0,33.0,11.4,18.489666666666665,12.0
3603708,2011,3603708 _ 2011,28210,139338,38.7,20.2457333964891,4,0.4572,18.3,7.0,93.0,6.1,6.2,3.4,88.0,0.9,1.0,5.9,2.93,41.6,946,50.8,241100,26983,34.5,44.9,62.4,14.2,0.7,1.6,0.0,42.4,2.4,14.716333333333296,49811,43475,3281,46756,52.0,35.7,11.1,16.729999999999983,8.4
3603709,2011,3603709 _ 2011,33722,179066,34.5,18.832162442898102,4,0.4612,14.3,20.8,79.2,8.9,1.6,2.5,88.1,0.9,0.9,3.5,2.86,51.2,975,42.5,399600,37888,22.5,67.9,58.3,14.8,0.5,6.6,0.0,38.4,5.2,11.894999999999989,68318,49336,12932,62268,58.5,24.4,16.2,15.194333333333315,5.8
3603710,2011,3603710 _ 2011,28066,153409,35.8,18.294884915487398,4,0.4965,9.8,6.7,93.3,8.2,4.8,5.1,82.1,1.4,1.5,4.0,2.98,45.5,718,46.9,354700,21479,38.6,68.0,69.3,25.6,0.6,0.8,0.0,34.4,2.7,16.76399999999999,50914,43562,3153,46715,59.5,35.6,8.7,17.864000000000043,8.0
3603801,2011,3603801 _ 2011,15033,211903,13.5,7.09428370528025,3,0.4826,13.9,8.9,91.1,5.6,4.5,1.2,87.3,0.7,1.0,3.7,2.87,21.1,1023,44.8,376800,38571,22.7,57.5,70.7,34.6,0.5,2.4,0.1,44.4,4.5,12.75000000000001,76986,66202,6494,72696,47.8,41.2,29.3,17.565000000000005,9.4
3603802,2011,3603802 _ 2011,20553,127974,30.4,16.0602934971166,4,0.5809,14.8,13.5,86.5,9.4,4.6,3.0,82.8,0.8,0.9,2.4,2.5,24.6,1047,44.6,613800,39300,21.4,56.4,38.9,37.0,0.3,7.5,0.0,15.8,9.0,12.243333333333336,51340,40262,6273,46535,62.2,21.0,42.8,13.156666666666702,4.9
3603803,2011,3603803 _ 2011,44703,122288,66.7,36.555508308255895,5,0.5436,18.5,13.5,86.5,13.8,4.3,5.1,88.8,1.5,1.5,2.3,2.34,34.0,800,38.6,645300,34844,25.1,67.1,20.7,15.5,0.4,3.0,0.1,9.9,4.5,12.880666666666661,59420,44295,6927,51222,75.4,12.4,32.8,14.14133333333334,8.2
3603804,2011,3603804 _ 2011,24318,121806,35.7,19.9645337668095,4,0.5770000000000001,8.9,6.6,93.4,8.1,7.1,3.3,87.1,1.1,1.3,3.8,2.6,23.9,718,34.7,598000,31714,26.9,48.3,48.6,27.0,0.3,6.5,0.0,27.1,3.4,14.336666666666682,48740,41869,2942,44811,66.0,22.8,25.3,16.644000000000016,7.7
3603805,2011,3603805 _ 2011,3277,216233,3.1,1.5154948597115099,1,0.5705,12.5,35.0,65.0,16.9,2.8,4.8,83.6,0.3,0.5,1.7,1.84,24.2,1842,32.3,1000001,103583,2.9,54.0,7.2,85.1,0.2,8.4,0.0,1.4,1.8,7.150333333333335,138453,74851,40253,115104,76.7,5.2,78.7,5.129666666666668,3.5
3603806,2011,3603806 _ 2011,10285,195819,8.9,5.25229931722662,3,0.5821,14.3,31.4,68.6,13.6,3.2,4.0,84.6,1.7,2.5,1.5,1.93,23.5,1644,32.9,963100,94917,5.9,61.9,13.3,76.6,0.5,7.7,0.0,3.2,3.2,9.18733333333333,114763,67993,31105,99098,75.3,7.2,75.0,6.429999999999999,4.2
3603807,2011,3603807 _ 2011,4395,139729,6.3,3.14537426017505,2,0.5795,16.7,23.8,76.2,15.8,1.2,3.3,77.8,1.1,2.6,2.4,1.7,29.0,1711,33.0,817100,83672,7.4,63.2,15.0,71.3,0.6,13.7,0.0,4.4,3.8,8.22966666666668,93572,60007,18760,78767,71.2,9.6,69.7,9.722333333333337,5.8
3603808,2011,3603808 _ 2011,2577,146105,3.3,1.76380000684439,2,0.5247,15.6,30.4,69.6,15.9,2.0,2.6,78.9,0.3,1.0,2.0,1.76,25.5,1969,33.7,730400,100316,4.0,59.7,8.4,77.9,0.1,13.2,0.0,3.3,2.2,7.169666666666667,96348,56443,24602,81045,75.0,6.8,77.7,5.791333333333325,4.5
3603809,2011,3603809 _ 2011,6478,164276,7.9,3.94336360758723,2,0.5591,18.2,12.6,87.4,8.4,1.1,2.6,85.0,1.0,1.4,4.2,2.22,30.2,877,38.6,626100,40653,25.6,47.9,23.7,41.3,0.4,34.8,0.0,12.3,3.3,13.031666666666634,76852,61574,8858,70432,57.0,31.2,38.5,12.419666666666695,5.1
3603810,2011,3603810 _ 2011,1925,142124,2.5,1.3544510427513998,1,0.56,16.5,27.1,72.9,14.7,3.8,4.9,75.1,0.8,1.0,2.6,1.81,28.0,2001,32.9,1000001,108191,5.0,58.7,6.5,76.5,0.1,15.2,0.0,2.7,3.0,6.075000000000024,86333,53733,19950,73683,74.8,7.6,78.4,5.8013333333333295,4.0
3603901,2011,3603901 _ 2011,977,160887,1.4,0.607258510631686,1,0.3923,22.1,81.7,18.3,4.8,1.5,6.0,94.4,0.6,0.5,0.3,2.82,37.0,1201,40.3,486300,85000,3.9,73.5,9.5,93.0,0.1,4.0,0.0,0.7,0.9,9.133999999999999,59280,10349,46079,56428,85.1,6.7,29.4,4.560666666666663,3.6
3603902,2011,3603902 _ 2011,2404,132124,3.3,1.8195028912234,2,0.4274,20.3,72.9,27.1,5.8,2.0,6.6,94.0,0.4,0.6,0.5,2.75,40.2,1134,44.0,464600,73366,6.9,69.6,12.7,80.8,0.2,11.5,0.0,3.2,1.0,10.663666666666652,49747,12708,34150,46858,72.5,14.6,30.6,7.530666666666695,3.7
3603903,2011,3603903 _ 2011,22110,173023,23.7,12.778647925420302,3,0.4538,21.7,56.5,43.5,10.0,3.6,9.3,91.9,0.8,1.3,2.0,2.77,41.4,1118,47.4,401500,58923,14.9,73.1,26.7,56.7,0.3,8.4,0.0,7.8,3.1,11.036333333333332,67198,26330,34131,60461,72.9,13.5,27.0,10.57166666666665,4.9
3604001,2011,3604001 _ 2011,3835,143329,5.0,2.6756622874645,2,0.489,17.6,16.5,83.5,8.8,4.3,3.2,90.1,2.0,1.8,8.6,2.52,52.8,1140,41.5,661700,45195,25.8,55.1,25.8,80.5,0.4,5.4,0.1,6.9,1.7,10.44900000000002,61944,47216,9306,56522,69.3,27.3,37.8,13.57933333333337,4.4
3604002,2011,3604002 _ 2011,15848,131250,21.5,12.0746666666667,3,0.465,13.0,14.6,85.4,11.3,3.2,5.6,86.6,0.9,2.0,5.1,3.06,60.7,1072,48.6,507000,35299,29.0,71.9,67.9,31.5,0.4,3.7,0.0,40.7,2.2,12.801333333333327,47897,36289,6195,42484,53.5,42.2,15.2,20.564000000000007,6.1
3604003,2011,3604003 _ 2011,47519,130181,65.0,36.5022545532758,5,0.4969,17.4,21.4,78.6,15.0,5.8,5.6,89.2,1.3,1.3,3.0,2.7,57.1,953,45.8,612500,34314,28.6,75.6,19.3,21.7,0.3,2.9,0.0,8.4,1.6,10.877333333333318,56074,37464,10178,47642,75.7,12.5,21.4,13.693000000000048,7.4
3604004,2011,3604004 _ 2011,20824,119176,30.5,17.4733167751896,4,0.5571,18.1,31.3,68.7,12.1,3.2,4.5,83.4,0.9,0.9,2.2,2.12,28.6,1300,33.0,670900,68193,13.8,68.1,16.8,49.9,0.2,7.0,0.0,8.0,4.4,9.115666666666685,59299,35822,16296,52118,76.9,9.7,57.4,10.857666666666717,6.0
3604005,2011,3604005 _ 2011,5881,112669,9.4,5.21971438461334,3,0.4941,23.7,35.4,64.6,8.5,2.0,2.6,84.8,0.4,1.0,1.2,2.29,26.3,1602,30.4,901100,86401,8.0,72.3,19.1,69.0,0.4,6.1,0.0,11.4,3.7,8.033999999999983,53248,31475,17263,48738,78.3,8.7,65.9,9.505999999999988,5.3
3604006,2011,3604006 _ 2011,48024,121900,69.1,39.3962264150943,5,0.5122,15.4,19.0,81.0,10.6,4.3,5.3,88.2,1.0,0.7,2.6,2.37,49.0,1021,44.6,603700,40058,24.0,74.2,11.6,18.8,0.1,3.0,0.2,6.6,2.1,10.287333333333331,56157,40668,9533,50201,66.5,7.1,31.1,14.776999999999983,7.1
3604007,2011,3604007 _ 2011,52360,114598,79.6,45.6901516605874,5,0.5102,17.1,19.0,81.0,10.7,3.5,5.2,90.2,0.7,0.8,2.1,2.7,49.7,804,47.0,412900,27254,34.0,77.3,22.7,6.5,0.3,0.7,0.0,11.0,1.7,11.364333333333342,46452,33606,7892,41498,68.4,8.4,11.2,13.429333333333366,8.3
3604008,2011,3604008 _ 2011,46459,150210,53.7,30.929365554889802,5,0.4957,15.4,23.0,77.0,10.1,3.7,5.7,91.9,0.9,0.7,4.4,2.91,61.1,1017,48.8,456600,33502,28.4,79.1,38.6,27.1,0.2,3.8,0.2,13.8,1.1,10.532999999999985,56501,39100,11705,50805,60.7,14.7,13.0,12.777666666666661,5.7
3604009,2011,3604009 _ 2011,70255,202780,62.4,34.6459216885294,5,0.41600000000000004,19.9,59.6,40.4,6.3,1.5,3.1,95.2,0.5,0.7,2.3,3.0,51.6,1164,40.5,495700,63464,9.3,77.7,7.7,29.5,0.1,3.4,0.1,3.3,1.2,9.108999999999984,71554,27117,39960,67077,58.2,13.2,28.1,10.051666666666662,5.1
3604010,2011,3604010 _ 2011,69597,138221,91.0,50.3519725656738,5,0.4402,15.4,34.0,66.0,8.9,0.9,4.6,92.5,0.6,0.6,3.2,2.82,53.4,1071,47.7,444500,46116,12.1,74.9,6.4,2.7,0.1,1.5,0.0,2.9,1.6,9.369333333333325,53339,32050,16533,48583,46.1,8.5,18.9,15.368666666666671,7.2
3604011,2011,3604011 _ 2011,47194,109501,77.3,43.099149779454095,5,0.4549,24.3,16.1,83.9,6.8,1.6,3.3,90.4,0.8,1.0,4.5,2.64,52.2,1021,47.5,582300,39909,18.3,70.3,8.3,15.5,0.2,1.6,0.0,4.4,1.0,10.900999999999991,43671,34149,6534,40683,53.8,11.2,22.1,15.015333333333317,9.7
3604012,2011,3604012 _ 2011,3090,146781,4.6,2.10517710057841,2,0.4767,18.4,26.5,73.5,6.2,2.0,3.1,87.2,1.1,1.4,7.4,3.04,47.8,1130,48.7,630000,41917,22.2,57.6,42.3,41.6,1.5,29.5,0.1,20.7,2.0,10.518666666666645,50480,34772,12563,47335,47.1,47.2,24.1,18.256666666666682,6.0
3604013,2011,3604013 _ 2011,1089,127173,1.7,0.8563138402019301,1,0.4671,16.8,39.1,60.9,5.7,1.0,3.2,90.9,0.4,0.8,2.8,2.53,37.0,1191,42.0,635600,54777,11.8,56.8,13.1,69.5,0.3,22.3,0.1,4.4,1.7,9.359666666666662,52859,30379,19468,49847,61.3,26.9,36.0,10.806333333333345,4.9
3604014,2011,3604014 _ 2011,2213,163324,2.6,1.3549753863486103,1,0.4752,24.6,31.7,68.3,6.7,1.5,3.2,93.3,0.5,0.8,6.2,3.41,58.2,1158,57.3,651900,40502,24.2,54.4,11.3,76.8,0.1,13.3,0.0,6.4,0.9,9.859666666666667,50856,32409,15019,47428,64.0,32.1,25.0,11.858333333333361,4.3
3604015,2011,3604015 _ 2011,32466,158704,36.3,20.4569513055752,4,0.4899,23.5,22.6,77.4,6.4,2.4,3.4,93.7,1.0,1.0,5.0,2.79,42.6,1096,47.4,628200,43121,18.2,64.2,14.8,45.0,0.2,8.9,0.0,7.9,1.7,12.324000000000003,60388,43735,12776,56511,52.7,27.2,31.5,13.16833333333334,5.6
3604016,2011,3604016 _ 2011,2852,140039,3.6,2.03657552538936,2,0.4694,19.6,45.7,54.3,7.8,3.1,3.9,93.9,0.4,0.8,2.1,2.54,44.9,1046,45.8,571000,48818,10.9,57.1,7.6,76.6,0.1,16.3,0.0,2.4,1.0,13.620000000000003,59199,29643,24930,54573,53.5,35.1,34.5,9.085999999999997,4.3
3604017,2011,3604017 _ 2011,921,171938,1.2,0.5356582023752751,1,0.4597,14.4,36.7,63.3,6.8,2.8,3.7,92.8,0.4,1.1,2.9,2.77,51.4,1065,48.0,635000,41906,13.0,48.1,12.5,57.1,0.4,36.1,0.1,4.3,0.9,13.265000000000038,66004,38930,22571,61501,45.8,48.1,20.8,13.656333333333329,4.6
3604018,2011,3604018 _ 2011,8447,104345,13.5,8.0952609133164,3,0.4991,17.1,27.8,72.2,6.8,5.1,3.3,91.8,0.7,0.8,2.6,2.31,36.2,852,44.0,444500,32988,16.6,47.8,14.5,67.2,0.4,12.6,0.0,4.6,1.8,18.090333333333366,47457,31954,12285,44239,45.8,46.1,29.6,11.693666666666687,5.2
3604101,2011,3604101 _ 2011,6790,168482,7.1,4.03010410607661,2,0.4497,16.9,20.3,79.7,7.8,1.6,2.8,88.7,0.5,0.9,2.7,2.32,49.0,1233,39.6,607500,49863,15.0,50.0,28.9,65.6,0.4,13.7,0.0,10.8,2.3,9.811333333333357,78573,57738,14720,72458,54.0,27.7,36.5,15.254333333333337,6.5
3604102,2011,3604102 _ 2011,6660,176985,6.9,3.76303076531909,2,0.4242,17.1,35.6,64.4,7.3,2.2,2.7,87.9,1.0,1.4,7.6,3.26,51.7,1237,50.5,449200,50045,15.6,61.1,63.7,42.5,0.5,18.2,0.0,28.7,3.2,8.521000000000015,58207,34774,19192,53966,34.9,50.4,20.3,28.429333333333314,5.4
3604103,2011,3604103 _ 2011,3712,244098,2.7,1.5207007021769898,1,0.4559,15.3,48.0,52.0,6.6,1.9,3.6,88.8,0.3,0.6,3.4,2.75,44.0,1315,49.6,540600,54625,10.6,53.1,16.5,40.5,0.5,47.7,0.0,6.2,2.4,9.376666666666663,93792,45505,42087,87592,44.0,41.2,32.9,18.119666666666664,6.0
3604104,2011,3604104 _ 2011,1405,118016,2.1,1.1905165401301498,1,0.418,19.1,70.4,29.6,5.1,1.2,4.5,90.9,0.3,0.5,0.6,2.67,40.5,1451,42.1,578600,76113,6.0,58.8,11.2,55.9,0.3,36.3,0.0,3.6,1.9,8.87066666666666,46168,12975,30846,43821,58.1,26.1,43.5,10.385333333333344,4.5
3604105,2011,3604105 _ 2011,63528,200371,58.6,31.705186878340697,5,0.369,20.0,74.5,25.5,6.6,1.9,4.8,90.4,0.6,0.9,1.0,3.23,44.6,1356,40.0,437900,77840,5.0,72.9,10.6,18.5,0.3,15.4,0.1,3.7,3.5,9.671333333333331,65549,15591,45619,61210,56.3,11.9,30.2,10.670666666666687,5.6
3604106,2011,3604106 _ 2011,11687,150009,13.4,7.7908658813804506,3,0.4506,21.0,46.9,53.1,5.7,2.2,3.1,89.4,2.8,5.1,2.5,2.69,43.2,1215,42.4,507100,57121,10.2,60.0,17.6,40.9,0.3,32.4,0.1,9.6,3.3,9.581000000000016,57798,28948,25570,54518,51.2,25.3,41.1,12.367666666666635,6.2
3604107,2011,3604107 _ 2011,6286,138150,7.9,4.550126673905179,2,0.4333,11.0,24.5,75.5,6.3,3.3,2.0,90.1,0.6,1.3,8.1,3.16,59.7,1256,50.4,498900,44428,17.2,57.3,50.8,42.4,0.3,33.2,0.3,14.2,1.8,8.717666666666634,46483,32867,10693,43560,31.5,54.9,20.8,24.96699999999996,4.6
3604108,2011,3604108 _ 2011,1498,111965,2.7,1.3379180994060602,1,0.4535,12.1,46.2,53.8,6.1,1.8,2.5,89.9,0.6,0.6,1.7,2.17,26.0,1345,44.3,352800,65930,6.2,56.5,13.0,62.4,0.4,26.9,0.1,5.1,2.5,10.796999999999999,54610,27564,23702,51266,46.9,26.9,54.0,9.807666666666659,4.8
3604109,2011,3604109 _ 2011,1375,130007,2.0,1.0576353580961,1,0.4293,16.5,25.8,74.2,7.2,2.6,2.3,88.9,0.6,1.2,5.2,2.56,41.6,1284,42.1,455700,54783,8.9,56.6,33.2,49.6,0.2,36.2,0.1,9.7,2.2,7.785999999999998,54058,37244,12927,50171,39.8,41.4,33.2,22.394666666666602,4.5
3604110,2011,3604110 _ 2011,1390,169515,1.7,0.819986431879185,1,0.4286,17.9,41.6,58.4,7.4,0.6,3.9,90.7,1.2,1.5,1.7,2.76,50.0,1212,43.9,555800,54641,11.4,56.6,35.5,81.1,0.3,7.3,0.0,8.2,1.5,8.016666666666664,66119,35794,25456,61250,59.0,24.4,21.8,16.251333333333342,4.6
3604111,2011,3604111 _ 2011,7024,144721,9.3,4.85347668963039,2,0.4128,19.5,45.8,54.2,8.0,3.0,4.2,88.6,1.9,2.4,2.1,3.23,53.4,1254,46.6,454700,55867,11.9,70.9,41.5,36.1,0.4,23.4,0.0,26.5,4.3,9.516000000000004,48358,24107,20362,44469,46.0,25.7,25.0,16.316999999999965,7.2
3604112,2011,3604112 _ 2011,81678,219618,67.1,37.1909406332814,5,0.4291,21.8,49.4,50.6,8.4,3.6,3.7,89.8,3.1,5.6,2.8,3.13,53.5,1081,48.4,410400,52576,12.6,73.9,16.8,4.8,0.6,10.4,0.1,13.9,3.1,11.15466666666666,75727,35070,34276,69346,58.3,13.8,19.0,15.264666666666653,8.7
3604113,2011,3604113 _ 2011,12364,129014,17.6,9.583456059032349,3,0.4204,21.6,65.7,34.3,6.0,0.9,3.3,90.7,1.3,1.4,1.1,3.22,55.6,1268,47.9,468700,61283,9.6,67.3,24.1,36.3,0.7,18.9,0.2,21.3,4.9,9.435666666666668,42587,13752,26297,40049,51.2,13.2,18.2,14.051666666666673,5.6
3604114,2011,3604114 _ 2011,27613,113026,43.5,24.430661971581802,4,0.4941,21.5,38.9,61.1,13.0,2.7,5.3,88.5,0.9,0.8,2.1,2.73,43.8,935,41.5,487300,47736,17.3,62.2,21.7,47.5,0.1,1.7,0.0,5.2,1.9,14.786333333333314,45372,24124,15330,39454,71.2,14.9,26.0,10.992000000000012,5.8
3603701,2012,3603701 _ 2012,9105,106402,15.2,8.557169978007929,3,0.4929,13.2,30.9,69.1,9.1,4.0,3.6,88.9,0.7,0.8,2.6,2.46,20.3,1156,40.3,329700,54898,14.3,55.0,44.6,46.3,0.3,5.1,0.0,29.1,3.9,11.5,45077,28319,12678,40997,62.7,20.3,38.4,12.6,6.5
3603702,2012,3603702 _ 2012,56950,143996,70.9,39.5497097141587,5,0.4323,15.0,37.4,62.6,7.9,2.2,5.8,90.4,0.8,1.1,2.3,3.03,60.8,1115,48.7,404600,46247,16.8,72.4,20.6,11.4,0.4,2.1,0.0,13.1,2.1,11.0,51073,29439,17622,47061,56.2,8.0,21.6,15.0,9.4
3603703,2012,3603703 _ 2012,19616,116642,29.6,16.8172699370724,4,0.4412,14.4,47.5,52.5,6.1,1.2,1.7,91.2,0.7,1.0,0.8,2.46,39.8,1038,40.0,348000,53032,10.6,49.8,33.4,46.3,0.4,2.2,0.0,18.5,3.1,13.6,49173,24222,21959,46181,74.2,11.0,24.3,9.2,6.3
3603704,2012,3603704 _ 2012,15067,127421,22.5,11.824581505403302,3,0.4516,18.9,30.2,69.8,6.4,1.3,2.9,88.6,0.4,0.7,3.6,2.8,48.2,1091,45.5,446000,45502,16.5,66.8,42.3,35.5,0.3,9.3,0.0,29.0,3.4,13.2,47252,30876,13331,44207,58.2,21.6,23.7,15.3,7.3
3603705,2012,3603705 _ 2012,30881,157860,35.4,19.5622703661472,4,0.4881,12.2,7.6,92.4,8.4,7.4,4.6,87.9,0.9,1.2,4.0,2.9,59.5,861,53.3,372100,21591,40.7,68.0,63.3,15.1,0.5,0.9,0.0,44.6,3.4,15.4,57049,48279,3968,52247,59.8,28.6,10.1,15.9,9.6
3603706,2012,3603706 _ 2012,15613,124407,22.2,12.5499369006567,3,0.4755,8.6,7.8,92.2,7.3,6.8,2.7,86.9,0.8,1.3,5.4,2.84,36.5,1077,55.8,248000,30777,30.0,72.0,64.3,17.0,0.5,6.5,0.0,50.1,3.7,12.7,46410,39680,3364,43044,51.5,31.6,16.3,19.7,9.0
3603707,2012,3603707 _ 2012,23817,132517,34.0,17.9727883969604,4,0.4716,24.9,3.8,96.2,8.4,11.2,3.6,84.8,1.2,1.4,6.4,3.05,67.4,992,54.4,416500,25833,37.1,58.8,67.8,12.7,0.6,1.3,0.1,47.6,3.7,14.9,46405,40897,1600,42497,51.8,34.2,11.4,19.5,12.3
3603708,2012,3603708 _ 2012,28712,140252,38.6,20.471722328380302,4,0.4574,20.4,7.0,93.0,6.4,6.2,3.2,88.5,0.8,0.9,6.7,2.94,44.0,979,51.0,234800,27413,34.4,43.0,62.4,14.9,0.8,1.2,0.0,42.2,2.3,14.2,50047,43552,3297,46849,52.4,35.1,12.0,17.2,9.3
3603709,2012,3603709 _ 2012,33943,182870,34.3,18.561273035489698,4,0.4612,14.3,21.2,78.8,8.3,1.9,2.1,88.6,0.8,0.8,3.7,2.9,49.7,1010,43.9,372400,38459,23.3,69.5,59.0,15.0,0.6,6.7,0.0,38.1,5.4,10.7,68394,49455,13275,62730,58.5,24.4,16.9,16.2,6.7
3603710,2012,3603710 _ 2012,27637,153997,35.6,17.946453502341,4,0.4888,11.0,6.4,93.6,7.9,4.8,4.8,82.6,1.2,1.3,3.8,2.96,47.7,734,48.7,348400,20589,40.2,69.3,69.4,24.2,0.6,0.9,0.0,35.8,2.8,18.0,51540,44432,3036,47468,60.5,35.6,8.1,17.3,8.2
3603801,2012,3603801 _ 2012,15147,211033,13.6,7.177550430501389,3,0.4847,10.6,9.4,90.6,5.4,2.6,1.4,86.9,0.5,0.9,4.0,2.85,22.6,1069,45.4,371700,39771,22.2,58.5,70.6,35.6,0.5,2.5,0.1,42.9,4.8,11.9,77091,66099,6842,72941,48.1,40.6,29.7,19.1,9.8
3603802,2012,3603802 _ 2012,21062,129698,30.2,16.239263519869198,4,0.5759,15.2,13.4,86.6,8.7,3.7,3.1,82.8,1.0,1.2,2.6,2.51,24.1,1084,45.3,594900,39153,22.7,54.8,39.5,36.6,0.2,7.4,0.0,15.2,10.4,11.4,51445,40696,6278,46974,63.0,20.9,42.2,14.8,5.4
3603803,2012,3603803 _ 2012,44626,124887,65.8,35.73310272486329,5,0.5443,17.4,13.8,86.2,12.8,4.2,4.9,89.2,1.6,1.7,2.3,2.36,33.4,835,38.7,621000,36298,24.5,70.3,21.3,16.2,0.4,3.1,0.2,9.7,4.7,13.4,59331,44580,7129,51709,75.7,11.9,33.8,14.0,8.0
3603804,2012,3603804 _ 2012,23688,121701,35.2,19.4640964330614,4,0.5732,9.4,6.7,93.3,8.5,7.7,3.6,87.8,0.8,1.1,3.8,2.58,21.2,779,36.3,518500,31329,26.8,52.0,47.7,29.4,0.3,6.8,0.0,24.8,3.5,14.4,49217,42024,3033,45057,66.2,22.6,27.4,17.1,7.0
3603805,2012,3603805 _ 2012,3917,217888,3.3,1.79771258628286,2,0.5697,12.4,33.9,66.1,16.2,2.4,5.1,84.0,0.3,0.4,1.7,1.85,24.7,1883,32.5,1000001,103472,3.3,52.0,7.3,84.6,0.1,8.7,0.1,1.3,1.9,6.8,138268,76619,39260,115879,75.8,5.7,78.1,5.6,3.9
3603806,2012,3603806 _ 2012,10540,195925,9.2,5.37960954446855,3,0.5772,12.5,31.4,68.6,13.7,3.1,3.8,85.7,1.6,2.5,1.4,1.93,22.7,1697,32.5,953000,98009,6.0,61.8,13.7,76.5,0.4,7.8,0.0,2.6,3.5,9.3,114786,67961,31149,99110,75.8,7.1,74.9,6.8,4.4
3603807,2012,3603807 _ 2012,4289,140458,6.1,3.0535818536502,2,0.5845,16.9,23.5,76.5,16.5,1.6,3.8,77.9,1.2,2.6,2.2,1.68,27.7,1814,34.1,833300,85841,6.9,61.2,15.2,71.8,0.5,13.5,0.0,4.0,4.0,8.4,96127,61420,18877,80297,71.4,9.3,70.3,10.0,6.0
3603808,2012,3603808 _ 2012,2528,145847,3.5,1.73332327713289,1,0.5227,14.1,30.6,69.4,15.9,2.8,2.7,78.5,0.3,1.2,1.8,1.75,25.4,2001,33.9,731400,100530,4.0,57.6,7.5,78.1,0.2,13.8,0.0,2.4,2.0,7.2,95888,55979,24646,80625,75.5,6.5,78.4,5.6,4.8
3603809,2012,3603809 _ 2012,6456,164548,7.7,3.92347521695797,2,0.5624,17.7,12.5,87.5,8.0,1.4,3.0,85.1,0.7,1.2,3.8,2.21,27.5,925,39.4,629700,41484,25.6,50.6,24.3,42.8,0.4,33.9,0.0,11.8,3.4,12.7,76787,61769,8860,70629,57.4,29.9,39.5,11.8,5.2
3603810,2012,3603810 _ 2012,1721,144750,2.3,1.1889464594127799,1,0.5645,16.8,27.2,72.8,14.8,4.1,4.5,75.7,0.7,0.9,2.8,1.82,29.0,2001,33.2,1000001,107179,4.5,57.6,6.7,76.7,0.1,15.4,0.0,2.4,3.0,5.9,87879,54501,20409,74910,74.3,7.6,79.1,6.3,4.2
3603901,2012,3603901 _ 2012,959,163210,1.4,0.587586544942099,1,0.3962,21.8,81.0,19.0,4.8,1.6,4.7,94.7,0.6,0.6,0.4,2.86,37.3,1241,39.6,479800,86757,4.1,72.7,9.6,92.6,0.1,4.2,0.0,0.8,1.0,9.0,59556,10770,45927,56697,85.1,6.9,29.6,4.6,4.1
3603902,2012,3603902 _ 2012,2925,132232,3.8,2.21202129590417,2,0.4275,19.1,72.9,27.1,6.5,2.1,6.7,94.0,0.5,0.8,0.5,2.78,40.8,1135,45.3,458400,74336,6.8,69.9,12.7,80.2,0.2,12.0,0.0,2.6,1.3,10.7,49711,12606,33850,46456,71.7,14.9,31.3,7.4,4.0
3603903,2012,3603903 _ 2012,22238,172932,24.0,12.8593898179631,3,0.4581,19.6,55.1,44.9,10.3,4.0,8.7,92.6,0.8,1.3,2.1,2.77,39.6,1133,49.0,392900,58243,15.7,73.1,27.7,56.4,0.3,7.9,0.0,8.2,3.2,9.9,67463,27200,33322,60522,73.5,13.3,26.5,10.7,5.0
3604001,2012,3604001 _ 2012,3939,143575,5.1,2.74351384293923,2,0.5018,16.0,16.1,83.9,8.8,4.5,3.0,89.4,1.8,1.7,8.2,2.48,49.7,1188,42.0,667000,46513,27.1,59.0,25.5,79.5,0.4,5.3,0.1,7.6,2.0,7.9,62999,48215,9268,57483,70.1,25.6,39.7,14.4,4.5
3604002,2012,3604002 _ 2012,17030,133064,22.9,12.7983526723982,3,0.4671,13.5,14.0,86.0,10.9,3.4,5.6,87.4,0.8,2.1,5.0,3.06,61.0,1129,50.2,488500,36135,29.1,73.8,67.0,37.4,0.5,3.9,0.0,32.5,2.8,9.4,48295,37018,6031,43049,53.6,39.6,17.1,25.1,7.6
3604003,2012,3604003 _ 2012,47600,134426,64.0,35.4098165533453,5,0.4955,14.4,21.4,78.6,14.4,5.4,5.6,89.1,1.3,1.3,3.3,2.74,54.0,1003,45.7,598800,36064,27.4,74.2,19.9,22.5,0.3,2.8,0.0,8.5,2.0,11.1,56738,38193,10392,48585,76.0,12.3,22.5,13.8,8.3
3604004,2012,3604004 _ 2012,21074,122526,30.3,17.1996147756395,4,0.5439,17.8,30.5,69.5,11.6,2.7,4.3,84.0,0.8,0.9,2.2,2.14,27.4,1368,34.0,665200,70645,14.5,68.5,17.4,49.9,0.2,7.3,0.0,8.0,4.3,9.3,60025,36879,16181,53060,76.4,9.9,57.6,11.4,6.3
3604005,2012,3604005 _ 2012,5594,112286,8.8,4.981921165595,3,0.4852,21.5,34.3,65.7,8.2,2.1,2.8,83.6,0.3,1.0,1.6,2.28,26.2,1677,31.2,896800,88635,7.6,71.6,18.9,70.3,0.4,6.3,0.0,10.2,4.0,7.1,53049,31986,16710,48696,78.2,8.8,66.7,10.3,5.7
3604006,2012,3604006 _ 2012,47307,120579,68.6,39.233199810912396,5,0.5083,15.0,18.2,81.8,10.8,4.7,5.5,88.0,1.0,0.8,2.7,2.35,48.8,1061,43.9,601400,40940,23.6,73.3,11.7,19.6,0.2,3.0,0.2,6.3,2.2,10.3,56273,41093,9119,50212,65.9,7.5,32.5,15.7,7.7
3604007,2012,3604007 _ 2012,54240,117097,79.8,46.320571833608,5,0.5155,14.4,19.0,81.0,10.2,2.4,4.7,91.3,0.8,1.0,2.1,2.73,46.8,860,49.0,408600,27231,34.8,75.3,21.6,6.8,0.3,0.9,0.1,10.8,1.4,10.9,46592,33899,7944,41843,68.4,8.3,11.1,13.8,8.5
3604008,2012,3604008 _ 2012,48539,152304,55.6,31.8698130055678,5,0.4979,12.9,23.1,76.9,11.4,4.2,6.7,92.4,0.8,0.6,5.0,2.96,61.1,1036,48.2,441700,33512,29.0,79.7,37.8,29.6,0.2,3.6,0.2,9.3,1.5,10.1,57311,39040,11743,50783,60.8,14.8,12.7,13.1,6.3
3604009,2012,3604009 _ 2012,72352,205516,63.0,35.2050448626871,5,0.4155,19.5,58.7,41.3,6.4,1.5,3.1,94.4,0.6,0.6,4.0,3.02,51.7,1196,41.2,489900,63621,9.9,77.7,8.3,29.0,0.1,3.2,0.1,3.4,1.2,8.1,72032,27810,39597,67407,57.8,14.0,28.0,9.6,6.1
3604010,2012,3604010 _ 2012,70307,138867,91.3,50.62901913341539,5,0.4405,14.4,34.0,66.0,9.2,1.1,4.2,93.1,0.6,0.7,3.4,2.84,53.4,1105,47.9,438700,47114,12.9,73.4,6.4,2.8,0.1,1.7,0.0,2.5,1.5,8.2,53384,32023,16471,48494,46.0,8.9,19.4,15.9,7.5
3604011,2012,3604011 _ 2012,45016,110640,73.9,40.686912509038294,5,0.4568,24.7,15.9,84.1,7.0,3.1,3.1,90.5,0.8,1.0,4.4,2.66,50.6,1069,50.8,573500,39818,19.0,71.8,9.2,17.4,0.2,1.9,0.0,5.0,1.5,9.1,43719,34219,6459,40678,54.6,12.2,22.7,15.7,9.9
3604012,2012,3604012 _ 2012,2706,148986,4.2,1.81627803954734,2,0.4783,17.0,26.5,73.5,6.4,2.3,3.0,86.3,0.9,1.2,6.9,3.1,49.0,1177,48.7,621300,43121,23.6,58.2,41.2,42.3,1.3,31.0,0.0,18.9,2.3,8.1,50319,34627,12461,47088,47.2,47.1,24.4,21.3,6.5
3604013,2012,3604013 _ 2012,1120,129037,1.8,0.867968102172245,1,0.4651,15.9,39.0,61.0,6.1,1.7,3.1,91.1,0.3,0.8,3.3,2.57,39.5,1229,43.0,642700,55733,12.2,57.0,13.7,69.6,0.4,22.0,0.1,4.4,1.8,9.0,53177,30489,19467,49956,60.3,27.1,36.4,10.8,5.1
3604014,2012,3604014 _ 2012,2132,161943,2.5,1.31651260011239,1,0.4814,23.0,32.0,68.0,6.9,1.5,3.5,93.6,0.5,0.9,5.7,3.41,58.4,1200,57.9,655700,40241,25.3,56.7,11.0,76.2,0.1,13.9,0.0,6.3,0.9,9.0,50463,31949,15020,46969,63.6,32.7,24.7,11.3,4.5
3604015,2012,3604015 _ 2012,31925,156608,35.9,20.3852932161831,4,0.4893,22.8,23.3,76.7,6.7,1.6,4.0,93.3,1.0,1.1,5.7,2.78,42.6,1126,48.7,615500,43039,17.7,62.6,14.9,44.7,0.2,8.9,0.1,8.2,1.9,9.3,59917,42891,13021,55912,52.3,27.9,32.3,14.8,6.0
3604016,2012,3604016 _ 2012,3047,143484,3.8,2.12358172339773,2,0.4694,20.8,46.4,53.6,7.7,2.9,3.9,93.7,0.3,0.9,1.9,2.56,46.0,1088,44.6,560100,49667,11.7,53.9,7.2,77.4,0.1,15.8,0.1,1.9,1.0,12.5,60169,29761,25766,55527,53.0,33.7,35.2,7.6,4.8
3604017,2012,3604017 _ 2012,957,176969,1.2,0.540772677700614,1,0.4579,13.9,36.8,63.2,6.9,3.0,3.9,92.9,0.3,1.1,3.0,2.83,50.2,1096,46.7,629100,43021,14.0,48.7,13.2,55.9,0.4,36.9,0.0,4.5,1.1,9.8,66807,39300,22880,62180,44.9,48.6,21.8,13.9,5.5
3604018,2012,3604018 _ 2012,8026,104833,13.1,7.65598618755545,3,0.5068,17.1,29.4,70.6,7.2,5.1,3.9,92.8,0.8,0.9,2.9,2.33,38.8,873,44.8,413500,32845,17.8,47.0,14.9,66.6,0.4,13.3,0.0,4.7,1.8,19.1,47504,31121,12952,44073,45.6,46.9,29.5,10.9,6.2
3604101,2012,3604101 _ 2012,7335,169159,7.6,4.336157106627491,2,0.4493,15.7,19.8,80.2,7.6,1.5,2.7,87.9,0.5,0.8,2.6,2.31,48.7,1302,39.4,598300,51092,14.5,48.7,28.8,66.6,0.6,12.7,0.0,10.0,2.5,9.8,79050,58622,14430,73052,55.1,26.1,37.9,18.5,6.8
3604102,2012,3604102 _ 2012,6334,178553,6.7,3.54740609230873,2,0.4268,16.5,34.3,65.7,7.5,2.2,2.9,89.3,1.2,1.6,7.6,3.27,52.3,1275,51.3,420200,49012,16.5,63.0,64.4,44.2,0.6,17.6,0.0,27.6,3.2,7.9,58696,35651,18641,54292,35.1,49.4,20.2,31.0,6.0
3604103,2012,3604103 _ 2012,3631,249296,2.5,1.45650150824722,1,0.4572,15.6,47.8,52.2,6.6,2.0,3.7,89.4,0.3,0.9,3.5,2.79,44.8,1344,50.2,546700,54164,10.9,52.8,16.7,38.2,0.5,48.8,0.0,7.3,2.6,9.7,94545,46110,42210,88320,43.8,41.5,31.6,19.5,6.0
3604104,2012,3604104 _ 2012,1751,119965,2.5,1.45959238111116,1,0.4179,18.2,71.0,29.0,4.7,1.1,4.4,90.6,0.3,0.6,0.6,2.7,40.2,1500,45.8,576500,76587,6.1,59.1,11.5,53.1,0.2,38.1,0.1,3.7,2.3,8.8,46299,12798,31339,44137,56.7,27.3,44.0,11.5,4.9
3604105,2012,3604105 _ 2012,63857,199395,58.6,32.0253767647133,5,0.3788,19.7,73.2,26.8,6.1,1.6,4.2,91.0,0.5,0.8,0.9,3.23,43.6,1379,42.4,427800,76957,6.3,72.0,11.0,18.4,0.3,15.1,0.0,3.9,3.7,9.5,64994,16369,44633,61002,56.3,11.8,30.0,11.4,6.2
3604106,2012,3604106 _ 2012,10750,151944,12.7,7.07497499078608,3,0.447,18.6,47.4,52.6,5.8,2.0,3.4,89.2,2.8,5.1,2.2,2.7,42.5,1275,44.2,500300,58747,10.5,60.6,18.0,40.1,0.3,32.8,0.0,10.0,3.9,9.8,58058,28796,25916,54712,51.3,24.5,41.6,12.7,6.6
3604107,2012,3604107 _ 2012,5908,139100,7.7,4.24730409777139,2,0.4406,11.5,23.4,76.6,6.2,3.3,2.0,90.5,0.9,1.8,8.7,3.16,58.7,1301,52.1,480000,44523,18.1,56.8,50.9,42.7,0.4,33.7,0.2,13.3,1.9,8.6,46678,33545,10254,43799,32.2,54.6,20.8,28.7,4.7
3604108,2012,3604108 _ 2012,1545,112194,2.8,1.3770789881811898,1,0.4613,11.8,46.2,53.8,6.4,1.6,2.5,90.7,0.4,0.5,1.7,2.18,25.2,1370,45.1,347000,65694,6.9,57.0,13.4,64.0,0.2,26.2,0.0,4.3,2.6,10.8,54703,27563,23663,51226,48.3,26.6,53.6,10.6,5.0
3604109,2012,3604109 _ 2012,1330,130922,2.1,1.01587204595102,1,0.4348,15.8,26.6,73.4,7.2,1.5,2.3,89.8,0.5,1.3,5.1,2.54,43.3,1340,43.2,463500,54227,9.2,57.3,33.0,49.7,0.3,35.8,0.1,9.7,2.4,7.6,55008,37480,13569,51049,40.8,39.5,34.5,21.9,4.9
3604110,2012,3604110 _ 2012,1407,168798,1.8,0.8335406817616321,1,0.4258,16.7,40.7,59.3,7.8,0.6,3.4,91.4,1.2,1.6,1.7,2.75,48.6,1258,44.7,537600,55571,11.4,56.7,36.0,82.5,0.2,7.2,0.0,6.5,1.8,8.0,66243,36222,24879,61101,58.9,24.6,21.7,17.1,4.7
3604111,2012,3604111 _ 2012,6920,147723,8.8,4.684443180818151,2,0.4149,19.1,45.6,54.4,8.0,2.5,3.9,89.4,1.7,2.3,2.5,3.29,51.4,1289,46.9,436600,57247,12.5,70.5,41.0,36.0,0.5,24.5,0.0,25.2,4.9,9.8,48646,24329,20404,44733,45.7,25.1,25.6,16.7,7.5
3604112,2012,3604112 _ 2012,82555,221656,67.0,37.2446493665861,5,0.4327,20.4,49.3,50.7,8.7,3.7,3.2,90.0,3.2,5.6,3.0,3.16,52.0,1125,49.3,396400,53261,13.0,73.6,16.6,5.2,0.5,10.5,0.1,13.3,3.4,11.5,75767,35089,34122,69211,57.2,13.9,19.5,15.6,9.2
3604113,2012,3604113 _ 2012,12102,130951,16.7,9.241624729860789,3,0.4237,21.2,65.1,34.9,5.6,0.7,2.9,91.8,1.3,1.5,1.3,3.26,54.7,1310,48.5,452300,61135,10.3,67.2,25.2,36.5,0.7,19.2,0.1,21.0,5.9,10.3,42517,14018,26111,40129,50.7,13.2,18.9,16.5,6.4
3604114,2012,3604114 _ 2012,26840,115352,41.9,23.267910396005302,4,0.4875,22.4,38.5,61.5,13.1,2.1,6.0,89.7,1.1,0.7,2.5,2.78,44.3,975,42.5,478500,48171,17.8,63.0,22.1,46.8,0.3,2.1,0.0,6.6,2.3,13.1,45518,24304,15244,39548,71.7,14.1,24.9,10.5,6.5
3603701,2013,3603701 _ 2013,8849,107008,14.9,8.269475179425841,3,0.4885,10.4,32.2,67.8,9.7,3.7,3.8,88.6,0.5,0.5,2.8,2.48,17.9,1192,41.4,308700,55027,13.6,52.2,45.0,45.6,0.4,5.0,0.1,29.8,4.1,11.7,45318,27739,13169,40908,63.4,20.3,37.2,12.5,7.2
3603702,2013,3603702 _ 2013,56197,143560,70.1,39.1453050989133,5,0.4375,13.4,36.8,63.2,7.9,2.2,5.4,90.1,0.7,1.0,2.5,3.02,58.8,1148,48.5,396400,47034,17.6,72.0,21.1,11.1,0.5,1.9,0.2,14.0,2.3,11.1,51048,29687,17321,47008,56.3,8.3,21.7,13.9,10.0
3603703,2013,3603703 _ 2013,20024,120376,29.3,16.6345450920449,4,0.4486,15.3,44.8,55.2,6.5,1.5,1.5,90.3,0.6,0.9,1.1,2.51,38.5,1075,39.2,351400,53541,10.3,49.3,34.6,44.8,0.5,2.7,0.0,19.6,3.2,13.8,49703,25670,20805,46475,73.5,11.0,24.5,8.8,6.6
3603704,2013,3603704 _ 2013,15367,127931,23.1,12.0119439385294,3,0.4527,17.2,29.0,71.0,6.6,1.1,3.2,90.2,0.1,0.5,3.4,2.83,45.2,1135,44.2,439300,46658,16.5,65.9,43.8,34.8,0.4,7.9,0.0,30.4,3.3,13.2,47117,31232,12755,43987,58.0,21.9,24.0,14.4,8.0
3603705,2013,3603705 _ 2013,31524,160304,35.4,19.665136241141802,4,0.489,14.9,7.2,92.8,8.4,9.4,4.2,87.0,1.0,1.1,5.5,2.91,57.8,885,52.2,385600,22145,40.4,69.6,62.7,14.7,0.5,0.9,0.1,45.1,3.5,14.7,57725,49052,3807,52859,59.6,28.3,10.6,15.6,9.9
3603706,2013,3603706 _ 2013,14671,124583,21.6,11.7760850196255,3,0.4762,11.0,7.3,92.7,7.2,5.6,2.6,87.3,0.8,1.3,6.1,2.86,38.4,1104,55.9,247000,31153,31.0,73.0,66.2,16.4,0.7,6.3,0.0,50.6,4.5,12.7,46232,39779,3143,42922,50.9,33.2,15.7,18.4,10.0
3603707,2013,3603707 _ 2013,23156,133514,32.8,17.3434995580988,4,0.4753,17.4,3.9,96.1,7.4,7.7,3.5,85.3,1.2,1.5,6.5,3.03,68.7,1011,56.3,413300,25600,38.4,62.5,68.1,12.3,0.8,1.6,0.1,48.5,4.0,15.0,46487,41367,1657,43024,51.0,35.6,12.4,18.9,12.3
3603708,2013,3603708 _ 2013,26858,139477,36.6,19.2562214558673,4,0.4623,19.6,7.1,92.9,6.5,5.0,3.3,88.8,0.8,0.9,7.5,2.93,40.8,1014,52.9,256900,27166,34.3,42.5,63.8,14.9,0.7,1.8,0.0,43.0,2.9,14.6,50026,43435,3327,46762,52.1,35.0,12.2,16.3,10.0
3603709,2013,3603709 _ 2013,34860,184534,34.7,18.890827706547302,4,0.4637,11.4,20.7,79.3,7.8,1.9,1.9,88.6,0.7,0.7,3.8,2.92,49.7,1048,45.5,367300,36711,25.5,68.3,57.8,16.9,0.5,7.3,0.0,35.0,5.5,11.9,68047,49794,12965,62759,58.7,24.9,16.7,15.4,7.9
3603710,2013,3603710 _ 2013,27609,156028,34.8,17.694900915220302,4,0.4874,10.9,6.6,93.4,7.2,5.7,3.8,83.1,0.9,0.9,4.1,2.97,48.8,773,47.5,330800,21663,39.6,76.1,69.1,21.1,0.5,0.8,0.0,39.9,2.8,16.9,51892,44979,3159,48138,61.2,35.0,8.7,17.4,8.3
3603801,2013,3603801 _ 2013,14804,211297,13.3,7.00625186349073,3,0.49,9.4,9.3,90.7,5.7,4.0,1.5,87.7,0.5,0.8,4.3,2.89,23.0,1099,46.9,369600,39281,23.9,58.0,70.8,35.9,0.5,2.5,0.2,42.8,4.7,11.5,76176,65143,6719,71862,48.4,40.0,30.7,18.0,10.1
3603802,2013,3603802 _ 2013,19787,130645,28.2,15.145623636572402,4,0.5704,11.5,13.5,86.5,8.4,2.9,3.5,82.7,0.8,1.1,2.6,2.55,25.1,1121,44.2,580600,40739,21.8,56.1,39.6,37.9,0.2,7.5,0.0,16.1,10.0,10.6,50981,40403,6301,46704,63.2,20.9,43.8,13.9,5.7
3603803,2013,3603803 _ 2013,44769,127484,64.8,35.117348059364296,5,0.5499,16.4,14.4,85.6,12.2,4.6,5.0,88.9,1.2,1.4,2.3,2.42,31.6,870,39.3,629200,36614,24.1,70.2,21.5,17.1,0.4,3.3,0.0,9.8,4.5,13.2,58780,44172,7441,51613,74.7,11.4,34.0,14.4,8.1
3603804,2013,3603804 _ 2013,23324,119233,35.0,19.561698523059896,4,0.5868,10.6,7.1,92.9,9.3,12.4,4.1,89.0,0.8,1.0,3.7,2.54,25.3,823,37.5,546300,30836,27.6,51.0,46.3,30.0,0.2,7.4,0.1,23.9,3.3,13.8,49238,41506,3176,44682,66.6,21.1,29.1,16.8,7.1
3603805,2013,3603805 _ 2013,4172,216008,3.4,1.93140994777971,2,0.5732,11.7,33.6,66.4,16.6,2.4,5.0,84.1,0.2,0.4,1.6,1.84,24.0,1913,34.0,1000001,103176,3.5,50.7,7.7,85.0,0.1,8.3,0.1,1.1,1.9,6.9,138229,76562,38695,115257,76.5,5.3,78.6,5.4,3.9
3603806,2013,3603806 _ 2013,10401,196275,9.3,5.29919755445166,3,0.5737,10.6,32.2,67.8,14.4,2.4,3.8,85.0,1.3,2.3,1.3,1.95,22.8,1757,33.1,956500,99298,5.9,59.2,13.1,76.1,0.4,8.6,0.0,2.5,3.1,9.2,115354,66985,31748,98733,75.6,7.2,75.3,6.9,4.7
3603807,2013,3603807 _ 2013,4606,142884,6.5,3.2235939643347002,2,0.5829,16.2,23.7,76.3,17.8,1.9,4.6,77.3,1.0,2.4,2.4,1.7,24.2,1936,34.1,857700,90771,7.2,58.7,14.9,71.5,0.5,13.9,0.0,4.0,3.6,8.0,98396,61668,19165,80833,71.0,9.4,71.5,9.2,5.8
3603808,2013,3603808 _ 2013,2490,146721,3.4,1.6970985748461398,2,0.5237,13.7,30.7,69.3,16.8,2.8,3.0,79.0,0.3,1.0,1.9,1.78,23.9,2001,34.0,731000,101079,4.4,55.7,8.4,77.1,0.2,14.2,0.0,2.6,2.5,7.3,95510,55086,24358,79444,75.5,6.4,78.2,5.5,4.7
3603809,2013,3603809 _ 2013,6677,165715,7.9,4.02920677066047,2,0.5588,15.5,12.5,87.5,8.1,2.6,3.3,85.5,0.5,1.0,3.3,2.22,24.5,964,39.5,603700,42656,25.7,49.0,24.6,42.5,0.4,33.0,0.1,12.5,3.7,13.1,76926,61869,8820,70689,58.3,29.2,40.8,12.1,5.4
3603810,2013,3603810 _ 2013,1884,149010,2.4,1.26434467485404,1,0.5538,18.0,27.6,72.4,14.8,4.4,4.6,76.3,0.5,0.8,2.6,1.84,29.2,2001,32.7,1000001,113477,4.7,57.9,6.8,76.3,0.2,15.7,0.0,2.1,3.3,5.7,89646,55292,21083,76375,74.3,7.2,80.1,5.7,4.2
3603901,2013,3603901 _ 2013,858,163505,1.3,0.524754594660714,1,0.4045,20.9,80.4,19.6,4.4,1.5,3.4,94.9,0.5,0.5,0.6,2.84,37.7,1252,39.7,474300,85451,4.7,70.9,9.8,92.9,0.1,4.1,0.0,0.7,1.0,9.2,59926,11250,46021,57271,84.7,6.6,30.4,4.6,4.3
3603902,2013,3603902 _ 2013,2959,132794,3.9,2.22826332515023,2,0.4398,17.8,72.0,28.0,6.0,1.2,7.0,94.6,0.6,0.6,0.6,2.77,39.9,1190,47.3,449900,73574,7.4,69.8,12.8,78.7,0.3,13.1,0.0,2.8,1.2,10.5,49900,13132,33759,46891,71.2,14.5,31.8,7.4,4.2
3603903,2013,3603903 _ 2013,22439,173924,24.2,12.901612198431499,3,0.4604,17.1,54.9,45.1,10.2,3.7,9.0,92.4,0.8,1.3,1.9,2.8,38.0,1131,48.7,381600,58896,16.2,73.0,28.1,56.8,0.4,7.4,0.0,8.1,3.1,9.5,67342,27247,33200,60447,73.5,12.9,27.2,11.4,5.5
3604001,2013,3604001 _ 2013,4032,146824,4.8,2.74614504440691,2,0.5102,13.4,16.1,83.9,8.1,4.1,2.4,89.5,1.4,1.8,5.2,2.46,43.7,1218,41.1,665100,48627,26.0,61.1,25.5,78.9,0.4,5.6,0.0,8.1,2.2,7.9,64549,49745,9570,59315,70.2,25.2,40.8,14.3,4.8
3604002,2013,3604002 _ 2013,18690,137738,25.0,13.569240151592199,3,0.4724,13.6,13.7,86.3,9.8,3.4,5.3,87.8,0.7,1.7,4.8,3.1,54.8,1173,49.6,470200,38075,28.2,73.9,66.2,40.4,0.6,4.1,0.0,27.1,2.8,8.4,48658,37867,6016,43883,54.0,36.5,18.3,25.4,8.8
3604003,2013,3604003 _ 2013,46684,135830,62.8,34.3694323787087,5,0.5078,13.3,21.4,78.6,14.1,4.6,5.8,89.1,1.1,1.2,2.9,2.76,48.6,1020,47.3,594700,36321,28.2,73.9,19.7,24.8,0.3,2.9,0.0,7.2,2.0,10.8,56665,38236,10426,48662,76.0,13.2,23.5,12.8,9.3
3604004,2013,3604004 _ 2013,20327,126082,28.4,16.122047556352197,4,0.546,18.8,31.0,69.0,11.4,3.0,3.4,84.0,0.8,0.9,2.1,2.17,30.1,1439,33.8,676700,73440,14.9,67.7,17.4,50.6,0.2,7.4,0.1,8.5,4.8,8.8,60774,37135,16698,53833,76.7,9.3,58.1,10.4,6.6
3604005,2013,3604005 _ 2013,5014,113367,7.9,4.42280381416109,2,0.4875,17.9,34.8,65.2,8.2,2.0,3.0,83.3,0.3,1.0,1.8,2.31,25.4,1765,31.0,903000,92780,7.7,70.7,19.0,70.5,0.4,6.4,0.0,10.3,4.5,7.2,52822,31620,16882,48502,77.7,8.8,67.9,10.2,5.6
3604006,2013,3604006 _ 2013,46653,123255,66.5,37.8507971279056,5,0.5142,13.5,18.5,81.5,10.4,4.4,5.2,88.8,1.1,0.7,2.9,2.38,49.2,1078,44.2,614400,40674,25.4,70.6,11.9,20.5,0.2,3.5,0.1,6.3,2.8,9.6,56581,41309,9392,50701,66.5,8.0,33.3,15.5,7.7
3604007,2013,3604007 _ 2013,56659,119927,80.9,47.2445737823843,5,0.5178,13.8,18.7,81.3,8.9,2.8,4.4,91.0,0.8,1.0,2.3,2.74,49.5,893,50.0,397100,28109,34.5,75.6,20.5,6.6,0.1,0.8,0.0,10.1,1.4,10.6,46568,34465,7942,42407,67.3,8.4,11.5,13.0,8.3
3604008,2013,3604008 _ 2013,49492,152199,56.9,32.51795346881389,5,0.4999,11.2,22.7,77.3,12.1,5.1,6.8,92.6,0.8,0.7,4.4,2.96,60.3,1058,47.3,430100,33980,29.1,78.9,37.3,27.0,0.3,3.7,0.2,10.2,1.7,10.0,57664,39203,11501,50704,61.0,15.2,12.6,12.9,7.1
3604009,2013,3604009 _ 2013,72309,205451,63.3,35.1952533694165,5,0.414,18.5,58.0,42.0,6.3,1.7,3.2,94.5,0.7,0.7,3.8,3.01,50.6,1220,40.6,481800,64440,9.2,77.5,8.2,28.3,0.2,3.5,0.1,3.4,1.3,8.2,72166,28394,39250,67644,58.0,14.4,28.6,9.8,6.3
3604010,2013,3604010 _ 2013,70876,137945,91.9,51.37989778534921,5,0.44,10.9,34.4,65.6,9.7,1.0,4.5,93.1,0.5,0.6,3.2,2.85,54.9,1137,49.6,432000,46953,13.9,73.6,6.1,2.6,0.2,1.3,0.0,2.7,1.4,8.3,53111,31473,16482,47955,46.2,8.2,19.6,16.1,7.8
3604011,2013,3604011 _ 2013,45129,109926,73.1,41.0539817695541,5,0.4642,22.9,16.0,84.0,7.8,2.7,4.1,90.8,0.8,0.8,4.7,2.68,49.6,1113,48.8,564100,41543,19.4,71.4,9.6,18.4,0.2,1.9,0.0,4.8,1.5,8.4,43560,33731,6442,40173,55.3,11.8,24.7,15.1,10.3
3604012,2013,3604012 _ 2013,2505,150888,3.9,1.6601717830443798,1,0.4798,16.4,26.2,73.8,6.6,2.2,3.3,86.2,1.1,1.3,6.7,3.16,48.4,1211,50.0,624500,43233,25.0,56.9,41.1,38.5,1.4,32.1,0.0,21.5,2.7,8.2,50181,34569,12287,46856,46.6,47.4,24.4,21.3,7.1
3604013,2013,3604013 _ 2013,1243,130807,1.9,0.9502549557745379,1,0.4706,14.1,39.3,60.7,6.4,1.4,3.1,91.0,0.4,1.0,3.5,2.6,40.6,1253,44.3,647800,55922,13.0,55.3,14.1,67.9,0.5,22.8,0.1,4.7,2.0,9.2,53524,30420,19669,50089,59.1,28.2,36.7,10.6,5.7
3604014,2013,3604014 _ 2013,2063,163154,2.4,1.26444953847285,1,0.4905,22.1,31.2,68.8,6.7,1.5,3.0,93.8,0.5,0.9,6.4,3.45,57.9,1245,59.2,659200,39574,26.7,56.0,11.2,75.1,0.2,14.4,0.0,6.9,1.1,8.5,50217,32243,14631,46874,64.5,33.0,25.4,11.3,4.5
3604015,2013,3604015 _ 2013,31771,156412,35.7,20.312380124287102,4,0.4893,20.7,23.3,76.7,6.8,1.8,4.0,92.4,0.9,1.1,6.0,2.8,43.5,1157,49.3,620400,43488,17.9,63.6,14.4,43.8,0.1,9.3,0.0,9.2,1.9,9.6,59572,42561,12965,55526,52.4,28.3,33.5,15.0,6.6
3604016,2013,3604016 _ 2013,3062,146710,3.4,2.08711062640583,2,0.4761,19.6,47.4,52.6,7.7,2.6,3.8,93.1,0.4,1.1,2.0,2.59,45.2,1130,46.3,547300,50910,12.5,53.9,7.1,77.4,0.1,16.0,0.1,1.9,1.2,12.0,60810,29529,26612,56141,53.2,32.7,36.3,7.8,5.3
3604017,2013,3604017 _ 2013,1110,178273,1.2,0.622640556898689,1,0.4604,14.0,36.5,63.5,6.9,2.8,3.6,92.1,0.4,1.1,2.8,2.84,48.2,1133,46.1,631100,44906,14.0,50.0,13.4,55.4,0.5,36.3,0.0,5.4,1.2,10.3,67075,39659,22790,62449,44.1,47.6,23.5,14.2,5.9
3604018,2013,3604018 _ 2013,7619,105001,12.8,7.25612137027266,3,0.5312,19.5,29.7,70.3,7.5,4.1,4.0,92.3,0.8,0.8,2.6,2.33,40.0,904,47.7,405800,31069,18.7,47.1,13.7,66.3,0.6,14.4,0.0,4.0,1.9,19.8,47892,31142,13169,44311,44.1,45.9,31.0,11.2,6.3
3604101,2013,3604101 _ 2013,7179,169543,7.8,4.23432403579033,2,0.4566,14.6,19.2,80.8,7.9,1.0,3.0,87.9,0.3,0.6,2.7,2.33,47.5,1337,41.0,589300,50887,15.0,47.9,27.7,66.1,0.5,13.8,0.0,9.0,2.8,9.8,78836,58659,13920,72579,55.4,25.8,38.8,18.1,7.2
3604102,2013,3604102 _ 2013,6059,180929,6.6,3.34882744059825,2,0.4314,16.2,33.6,66.4,7.4,1.5,2.9,89.8,0.8,1.4,7.8,3.28,50.9,1321,52.1,414400,49434,17.1,59.8,65.7,45.0,0.7,16.7,0.0,27.3,3.6,7.9,59092,36352,18380,54732,35.2,48.5,20.1,30.5,5.9
3604103,2013,3604103 _ 2013,3629,249001,2.4,1.4574238657676102,1,0.4591,15.1,47.8,52.2,6.9,2.0,3.4,89.8,0.3,0.8,3.3,2.79,45.9,1360,51.2,540800,53489,11.8,51.0,17.4,37.0,0.5,49.2,0.0,8.2,2.7,9.6,94854,46073,42210,88283,43.0,43.7,30.6,19.7,5.9
3604104,2013,3604104 _ 2013,1499,120195,2.0,1.24714006406256,1,0.4213,16.5,69.9,30.1,4.4,0.7,3.2,90.5,0.2,0.6,0.6,2.71,40.9,1574,45.6,576700,76157,6.5,58.4,11.3,50.9,0.2,40.5,0.1,3.7,2.5,8.5,46095,13275,30788,44063,55.9,28.5,44.6,11.7,5.1
3604105,2013,3604105 _ 2013,63477,201438,57.7,31.5119292288446,5,0.3859,19.0,73.0,27.0,5.2,1.0,4.1,91.2,0.3,0.7,0.8,3.23,42.6,1428,44.4,413200,77697,6.5,72.0,11.4,17.6,0.2,15.7,0.1,4.9,3.8,9.6,64883,16632,44887,61519,56.3,12.5,29.9,11.3,6.3
3604106,2013,3604106 _ 2013,10746,154395,12.4,6.960069950451761,3,0.4432,16.6,47.0,53.0,5.3,1.3,3.2,89.0,1.5,3.7,2.3,2.72,42.0,1297,46.1,488400,58384,11.7,60.5,18.1,40.6,0.2,32.5,0.0,9.5,4.7,9.9,57996,29135,25804,54939,51.1,26.5,40.9,13.1,6.8
3604107,2013,3604107 _ 2013,6257,142247,8.0,4.39868679128558,2,0.4399,10.3,23.4,76.6,6.2,2.3,1.8,90.6,0.9,1.9,8.3,3.21,59.1,1345,52.6,472000,45651,19.1,58.3,50.4,42.6,0.4,33.7,0.2,12.8,2.2,8.6,46963,33742,10301,44043,32.9,53.6,20.6,28.3,4.6
3604108,2013,3604108 _ 2013,1413,112273,2.8,1.2585394529406,1,0.4671,11.2,45.2,54.8,6.7,1.4,2.6,91.1,0.6,0.6,1.9,2.19,25.0,1401,46.0,344800,64646,7.6,55.9,14.3,64.7,0.2,25.3,0.1,4.2,2.6,10.7,54744,28014,23081,51095,48.4,26.0,53.3,10.4,5.0
3604109,2013,3604109 _ 2013,1417,131459,2.1,1.07790261602477,1,0.4385,13.0,26.4,73.6,7.3,1.3,2.7,89.6,0.4,1.3,4.8,2.55,41.8,1382,43.4,446700,56064,10.1,60.0,33.0,50.4,0.2,35.8,0.1,8.8,2.7,7.4,55122,37642,13477,51119,41.4,38.6,36.0,21.9,4.8
3604110,2013,3604110 _ 2013,1401,168766,1.8,0.830143512318832,1,0.439,15.1,40.3,59.7,7.7,0.5,3.2,91.5,0.8,1.1,1.7,2.73,47.7,1273,45.9,523300,55243,11.8,56.5,35.9,82.0,0.2,7.9,0.0,6.5,1.5,7.8,66563,36676,24759,61435,58.7,24.5,22.7,17.0,5.2
3604111,2013,3604111 _ 2013,6683,149178,8.3,4.479883092681231,3,0.4178,19.0,46.1,53.9,7.5,1.8,3.9,89.0,1.4,1.9,2.4,3.3,50.6,1319,46.1,422600,59697,13.2,70.8,41.0,37.1,0.6,25.0,0.0,23.7,5.2,9.5,48729,24284,20785,45069,46.0,24.8,26.2,16.7,7.3
3604112,2013,3604112 _ 2013,83228,228715,65.7,36.389392912576795,5,0.4286,19.0,49.3,50.7,8.0,3.6,2.8,90.5,1.3,3.7,3.4,3.22,51.9,1157,49.7,383000,53498,13.2,74.7,17.6,6.4,0.6,10.4,0.1,13.4,3.4,11.3,76257,35547,34578,70125,56.9,14.7,19.4,15.0,9.9
3604113,2013,3604113 _ 2013,12772,132213,17.3,9.660169574852699,3,0.4216,19.1,65.5,34.5,5.4,0.4,1.5,91.2,1.2,1.3,1.3,3.27,51.7,1325,49.8,437800,62005,9.4,67.9,23.8,34.9,0.6,18.9,0.2,21.5,6.6,10.4,42593,13920,26384,40304,51.1,12.4,19.8,16.3,7.1
3604114,2013,3604114 _ 2013,25340,116048,39.5,21.835792086033397,4,0.4851,22.5,38.2,61.8,13.4,2.9,5.1,90.1,1.1,0.6,2.3,2.81,46.9,993,44.1,461200,49626,17.0,65.1,22.1,48.3,0.2,2.8,0.0,6.9,2.3,14.2,45398,24289,15036,39325,71.1,13.6,25.8,11.8,6.8
3603701,2014,3603701 _ 2014,9305,108485,15.5,8.57722265751026,3,0.4885,12.5,31.7,68.3,9.2,3.4,3.5,88.0,0.4,0.5,3.1,2.48,19.9,1220,43.1,292100,56391,15.1,51.6,45.7,44.9,0.5,5.2,0.1,29.7,4.3,10.8,45652,28327,13129,41456,63.2,20.1,37.6,12.0,7.4
3603702,2014,3603702 _ 2014,54051,141622,68.3,38.165680473372795,5,0.4458,13.7,36.1,63.9,8.3,2.0,5.4,90.4,0.5,0.7,2.6,2.98,56.9,1174,51.3,393200,45889,18.1,71.4,22.5,11.4,0.5,2.1,0.1,15.0,2.6,12.1,51271,30008,16989,46997,55.8,8.8,21.8,13.1,10.1
3603703,2014,3603703 _ 2014,20588,123832,29.2,16.6257510175076,4,0.4457,13.5,43.4,56.6,6.3,1.2,1.5,90.5,0.3,0.5,0.8,2.54,35.8,1109,37.8,346600,54911,10.2,51.5,34.8,43.7,0.5,2.6,0.0,20.5,3.5,13.9,50522,26789,20555,47344,73.1,10.9,24.9,8.3,6.4
3603704,2014,3603704 _ 2014,15917,129963,23.7,12.247331932934802,3,0.4594,16.7,28.9,71.1,6.8,1.0,3.3,90.1,0.3,0.4,3.8,2.87,47.5,1168,45.3,430600,46543,17.9,65.1,44.2,34.0,0.5,8.1,0.0,30.4,3.2,13.2,47287,31344,12735,44079,57.7,22.3,23.8,14.3,8.4
3603705,2014,3603705 _ 2014,32391,166534,34.7,19.4500822654833,4,0.4943,16.1,7.3,92.7,7.9,7.3,3.8,87.0,0.7,0.9,5.5,2.96,57.0,906,52.1,372400,22154,41.6,70.6,62.7,14.4,0.4,0.8,0.1,46.2,3.4,13.9,58739,50144,3932,54076,60.1,27.7,10.9,14.6,10.2
3603706,2014,3603706 _ 2014,13577,125254,20.3,10.839573985661099,3,0.4725,12.0,6.6,93.4,6.8,5.2,2.6,87.1,0.8,1.3,5.9,2.85,40.6,1136,57.3,221300,31513,31.4,70.9,67.0,16.7,0.8,6.9,0.0,50.9,4.5,12.7,46500,40488,2840,43328,50.6,34.3,16.5,17.3,9.8
3603707,2014,3603707 _ 2014,23581,132462,32.9,17.8020866361674,4,0.4702,14.0,3.6,96.4,7.2,6.6,3.7,86.9,1.1,1.4,7.0,2.98,71.8,1041,57.7,402500,24849,39.2,64.8,68.1,11.4,0.8,1.4,0.1,49.6,3.7,14.7,46865,41916,1565,43481,52.3,35.5,12.2,17.8,11.4
3603708,2014,3603708 _ 2014,26723,141467,36.1,18.8899177900146,4,0.4755,18.7,7.1,92.9,5.9,5.9,2.8,90.2,0.6,0.7,7.6,2.92,40.9,1041,55.6,211900,26349,35.9,40.6,64.4,14.4,0.7,1.6,0.0,43.9,3.3,15.2,50598,44269,3364,47633,53.4,34.8,13.1,16.0,9.2
3603709,2014,3603709 _ 2014,35236,186386,35.1,18.9048533688153,4,0.4673,11.4,21.3,78.7,7.4,1.6,2.0,90.1,0.7,0.7,4.1,2.93,50.1,1072,46.7,361600,36951,25.1,67.9,57.6,18.2,0.5,7.1,0.0,34.1,5.0,12.4,68273,49729,13459,63188,57.9,25.2,16.4,15.4,8.1
3603710,2014,3603710 _ 2014,27776,157561,34.4,17.6287279212495,4,0.4915,8.6,6.6,93.4,7.1,6.8,3.3,84.8,0.7,1.0,4.3,2.98,48.6,781,48.9,317900,21718,40.8,74.5,68.8,16.8,0.6,0.8,0.1,44.6,2.7,16.1,52442,45512,3229,48741,61.2,34.5,9.2,17.3,7.6
3603801,2014,3603801 _ 2014,13906,214419,12.7,6.48543272751016,3,0.4838,8.7,9.1,90.9,5.4,3.2,1.4,88.0,0.5,0.7,4.6,2.88,19.1,1151,46.4,383700,41513,21.5,57.8,70.8,36.3,0.7,2.6,0.1,41.9,5.6,11.3,77299,66499,6646,73145,48.4,39.0,30.9,16.4,9.5
3603802,2014,3603802 _ 2014,19465,130249,27.9,14.944452548579997,4,0.574,12.8,13.4,86.6,9.0,2.6,3.8,82.8,0.7,1.2,2.8,2.54,20.4,1150,44.1,586500,41614,21.7,57.0,38.5,38.2,0.3,7.9,0.0,15.6,10.0,11.1,51315,40478,6238,46716,62.8,20.4,43.2,13.4,5.6
3603803,2014,3603803 _ 2014,44964,129951,64.1,34.6007341228617,5,0.5516,14.6,13.3,86.7,11.1,4.3,4.8,89.3,1.0,1.1,2.0,2.41,31.3,912,40.0,605100,38028,25.2,68.1,22.3,16.9,0.4,3.4,0.0,10.9,4.2,13.4,59445,45848,7022,52870,74.7,11.5,34.3,13.7,8.5
3603804,2014,3603804 _ 2014,24030,120603,35.4,19.9248774906097,4,0.5932,11.4,6.8,93.2,8.4,12.6,3.7,88.5,0.7,0.9,3.3,2.49,23.9,868,39.5,588100,30857,28.1,52.4,46.1,28.4,0.2,7.4,0.1,25.3,3.3,14.1,50290,42909,3139,46048,66.4,20.8,29.5,15.1,6.6
3603805,2014,3603805 _ 2014,3859,219382,3.2,1.7590321904258301,2,0.5689,10.2,33.5,66.5,16.2,2.3,4.8,83.9,0.2,0.4,1.5,1.86,22.5,1970,33.0,1000001,106940,3.7,50.2,7.9,84.0,0.1,9.0,0.1,1.3,2.2,7.2,138624,77305,38868,116173,75.1,6.0,79.1,4.9,3.4
3603806,2014,3603806 _ 2014,10117,196398,8.8,5.15127445289667,3,0.5701,9.9,32.5,67.5,15.5,2.6,4.2,84.4,0.9,2.1,1.3,1.96,21.4,1761,33.9,971200,100746,6.1,57.3,14.2,75.8,0.5,8.5,0.0,3.1,3.1,9.1,116346,66354,31939,98293,74.5,7.9,75.7,6.6,4.4
3603807,2014,3603807 _ 2014,4538,146311,6.3,3.1016123189643996,2,0.5793,14.0,23.0,77.0,18.0,2.5,4.4,77.9,1.0,2.2,2.0,1.72,21.7,2001,34.4,863100,92246,7.2,57.3,14.7,70.9,0.4,14.9,0.0,3.8,3.7,7.5,100433,63444,18938,82382,70.4,9.6,72.1,8.3,5.1
3603808,2014,3603808 _ 2014,2839,145669,3.7,1.9489390330132,2,0.5297,14.0,30.7,69.3,16.8,2.3,3.8,78.1,0.2,1.1,1.9,1.75,21.0,2001,32.8,734200,102337,4.0,54.2,8.5,76.0,0.2,14.7,0.0,2.9,2.4,7.1,95855,55295,24488,79783,75.1,6.4,78.1,5.2,4.0
3603809,2014,3603809 _ 2014,6567,163328,7.8,4.02074353448276,2,0.5628,12.6,12.5,87.5,7.7,2.9,3.5,85.6,0.4,0.9,3.1,2.17,22.9,986,38.0,612200,42873,23.7,47.8,24.6,42.7,0.4,32.5,0.1,12.9,3.6,13.4,77058,62240,8861,71101,58.4,29.1,41.9,11.3,5.2
3603810,2014,3603810 _ 2014,1873,152088,2.6,1.23152385461049,1,0.5529,16.3,28.3,71.7,14.1,3.7,4.3,77.0,0.6,0.8,2.8,1.83,25.7,2001,32.4,1000001,118108,4.6,57.8,6.9,76.8,0.2,15.1,0.0,2.0,3.3,5.7,91434,56307,22271,78578,74.5,6.4,81.0,5.2,3.7
3603901,2014,3603901 _ 2014,915,165963,1.3,0.551327705572929,1,0.4115,19.2,79.9,20.1,4.0,1.0,3.5,95.3,0.6,0.6,0.5,2.85,37.6,1274,42.6,477500,86522,5.9,70.2,10.1,92.4,0.1,4.4,0.0,0.7,1.1,8.9,60243,11601,46254,57855,83.9,6.9,32.1,4.7,4.3
3603902,2014,3603902 _ 2014,3351,131697,4.2,2.54447709515023,2,0.4378,17.0,71.8,28.2,6.1,1.6,6.1,94.8,0.7,0.6,0.6,2.76,40.2,1182,44.0,443700,74728,6.9,68.9,12.3,79.3,0.3,13.0,0.0,1.8,1.3,10.5,49774,13164,33568,46732,70.8,14.2,32.2,7.2,4.2
3603903,2014,3603903 _ 2014,22242,173862,24.0,12.792904717534599,3,0.46399999999999997,14.8,55.7,44.3,10.7,3.9,9.8,92.9,0.7,1.2,2.0,2.81,37.2,1129,48.5,379000,60227,16.4,73.1,29.0,56.6,0.3,7.6,0.0,7.9,3.6,9.8,67764,26821,33671,60492,73.4,12.9,27.6,10.7,5.1
3604001,2014,3604001 _ 2014,4467,149379,5.5,2.99038017392003,2,0.5039,12.2,16.9,83.1,7.8,3.5,2.1,88.7,1.1,1.6,3.2,2.44,41.7,1335,41.0,665700,52413,24.0,63.2,24.4,76.9,0.4,6.1,0.0,8.7,2.3,8.0,65818,50467,10237,60704,70.8,23.4,43.7,13.3,5.0
3604002,2014,3604002 _ 2014,19645,138660,26.3,14.1677484494447,3,0.4733,13.2,13.4,86.6,9.0,3.3,5.2,87.6,0.5,1.3,4.8,3.06,56.6,1215,49.2,480000,39262,27.2,72.9,64.8,42.0,0.7,4.4,0.0,23.4,3.2,8.5,49194,38772,5994,44766,55.7,33.3,19.8,24.8,9.5
3604003,2014,3604003 _ 2014,46647,137830,62.0,33.843865631575106,5,0.5125,12.9,21.1,78.9,13.3,4.8,5.6,88.4,1.1,1.1,3.2,2.74,47.5,1049,47.4,599000,37234,27.5,74.5,19.4,25.5,0.2,2.6,0.0,7.4,2.3,10.7,57367,39268,10477,49745,76.1,12.4,25.1,12.3,9.4
3604004,2014,3604004 _ 2014,20735,129778,28.8,15.9772842854721,4,0.5334,16.2,31.1,68.9,11.3,2.7,2.7,84.3,0.6,0.9,2.3,2.2,30.1,1524,33.7,700300,76670,14.4,66.8,17.0,49.7,0.2,8.3,0.1,8.3,4.7,8.9,61699,37715,16989,54704,76.2,9.5,58.2,9.9,6.5
3604005,2014,3604005 _ 2014,5351,114833,7.9,4.65981033326657,3,0.4936,15.3,34.6,65.4,7.8,1.9,2.7,83.3,0.3,1.2,1.7,2.32,24.8,1831,31.0,933200,96138,7.6,69.9,19.4,70.8,0.4,6.3,0.0,9.5,5.1,7.6,53144,32044,16968,49012,78.2,8.7,67.8,9.1,5.2
3604006,2014,3604006 _ 2014,46204,123963,65.9,37.272411929366,5,0.5079,12.8,18.0,82.0,10.6,4.2,5.2,89.6,1.1,0.6,2.8,2.38,48.9,1123,44.9,640300,42127,24.5,70.2,11.8,21.1,0.2,3.6,0.0,6.2,2.8,9.2,57021,41807,9168,50975,66.2,8.5,34.9,14.6,7.5
3604007,2014,3604007 _ 2014,58423,124182,80.8,47.0462707960896,5,0.5134,12.2,17.6,82.4,9.0,2.7,4.9,91.4,0.8,0.9,2.7,2.77,48.9,915,50.4,391500,27866,33.8,72.1,20.5,6.3,0.3,1.1,0.0,10.1,1.4,11.3,47350,35512,7597,43109,67.1,8.7,11.1,13.3,8.2
3604008,2014,3604008 _ 2014,49833,151192,58.3,32.9600772527647,5,0.5005,10.8,22.2,77.8,12.8,4.0,7.0,93.3,0.6,0.8,4.5,2.91,59.1,1074,47.9,411500,34152,28.7,76.7,37.0,25.0,0.4,3.5,0.1,10.9,1.8,10.3,58826,39871,11409,51280,60.6,15.3,13.4,11.9,6.7
3604009,2014,3604009 _ 2014,73357,208494,63.8,35.1842259249667,5,0.4251,16.2,58.2,41.8,6.1,1.6,3.3,94.2,0.7,0.7,3.9,3.02,49.4,1250,42.8,477400,64323,10.0,76.9,8.2,26.8,0.3,4.1,0.0,3.6,1.4,8.3,72887,28616,39813,68429,57.1,14.8,28.9,9.7,6.5
3604010,2014,3604010 _ 2014,69654,135757,91.3,51.307851528834604,5,0.4495,9.3,34.0,66.0,9.7,1.2,4.0,93.4,0.4,0.6,3.0,2.78,56.1,1155,50.4,426300,45842,14.9,72.3,6.8,2.5,0.1,1.3,0.0,3.2,1.4,8.2,53414,31841,16374,48215,46.1,8.6,20.3,14.5,7.2
3604011,2014,3604011 _ 2014,45773,110823,72.7,41.3027981556175,5,0.4696,19.1,15.7,84.3,7.6,3.4,4.1,91.2,0.8,0.8,4.3,2.67,50.5,1157,49.9,553500,41879,19.4,69.1,9.1,18.9,0.1,1.9,0.0,4.6,1.7,8.4,43958,34250,6382,40632,56.0,10.8,25.7,14.5,10.1
3604012,2014,3604012 _ 2014,2252,151077,3.6,1.49063060558523,1,0.4818,15.7,25.5,74.5,7.2,1.9,3.5,85.9,0.7,1.2,7.1,3.2,49.3,1260,50.9,626600,44320,25.4,57.0,42.2,36.3,1.2,31.7,0.0,24.4,2.8,8.4,49949,34533,11826,46359,47.1,47.7,24.6,20.1,6.6
3604013,2014,3604013 _ 2014,1188,131139,1.9,0.9059089973234509,1,0.4795,13.5,38.3,61.7,7.2,1.8,2.9,90.6,0.3,0.9,3.9,2.61,41.2,1292,44.7,652100,56454,14.1,54.9,14.5,66.7,0.4,23.3,0.1,5.4,2.3,9.4,53966,30903,19188,50091,58.9,28.0,36.8,10.4,5.4
3604014,2014,3604014 _ 2014,1854,166578,2.2,1.11299211180348,1,0.4908,16.6,31.9,68.1,6.3,1.4,2.5,94.2,0.6,0.9,6.7,3.51,58.4,1296,60.5,676300,39817,27.8,55.7,11.4,74.6,0.2,14.3,0.0,7.4,1.3,8.5,50217,32026,15011,47037,65.4,34.2,25.8,11.2,4.0
3604015,2014,3604015 _ 2014,31179,158531,34.5,19.667446745431498,4,0.4936,19.6,22.8,77.2,6.1,1.8,3.3,93.0,0.7,1.1,5.7,2.79,44.7,1200,49.5,640900,44812,17.4,64.1,14.3,43.4,0.1,10.1,0.0,9.7,2.2,9.6,60030,43557,12837,56394,53.0,28.6,33.7,14.2,6.3
3604016,2014,3604016 _ 2014,3434,147633,3.9,2.32603821638794,2,0.4854,20.0,46.7,53.3,8.2,2.4,3.8,92.4,0.4,1.1,2.3,2.6,45.2,1171,47.9,542300,51282,13.0,53.4,7.4,76.2,0.2,16.1,0.0,2.3,1.3,12.0,61447,30089,26315,56404,52.2,31.5,37.7,8.0,5.4
3604017,2014,3604017 _ 2014,914,184656,1.0,0.4949744389567629,1,0.4723,13.3,36.6,63.4,6.8,2.6,3.4,91.6,0.3,1.0,3.1,2.91,50.8,1176,47.9,637300,47302,14.8,49.9,13.7,53.2,0.4,37.7,0.0,6.5,1.3,10.4,67766,40004,23122,63126,43.2,47.7,25.4,13.7,5.8
3604018,2014,3604018 _ 2014,6899,106296,11.9,6.490366523669749,3,0.5395,19.3,30.5,69.5,8.4,3.9,3.9,92.5,0.7,0.8,3.0,2.35,41.8,913,48.5,410700,31290,20.9,44.5,14.6,65.8,0.5,14.2,0.0,5.5,2.0,19.6,48483,30850,13539,44389,43.6,45.3,32.6,10.8,6.3
3604101,2014,3604101 _ 2014,7486,172617,8.0,4.33676868442853,2,0.4561,15.9,18.1,81.9,8.0,0.9,3.1,87.3,0.2,0.7,2.6,2.36,43.7,1391,40.6,585100,52167,14.5,47.1,28.6,64.6,0.4,14.0,0.0,9.9,3.0,9.3,79339,59797,13190,72987,55.3,25.4,40.5,17.8,7.3
3604102,2014,3604102 _ 2014,6386,181089,6.8,3.52644279884477,2,0.4345,14.5,32.4,67.6,7.6,1.6,3.0,90.6,0.8,1.5,8.1,3.24,47.6,1352,53.8,404700,48511,17.2,59.7,65.5,44.0,0.6,17.1,0.0,27.9,3.5,7.7,60058,37513,17991,55504,35.5,48.1,20.8,29.0,5.5
3604103,2014,3604103 _ 2014,3364,250047,2.3,1.3453470747499499,1,0.4609,13.3,48.3,51.7,7.7,2.5,3.6,90.5,0.3,0.8,3.5,2.83,45.5,1381,52.7,542100,53946,12.9,50.6,16.9,35.4,0.4,50.5,0.0,8.7,2.7,8.9,94563,45138,42189,87327,42.4,46.4,29.5,19.6,5.1
3604104,2014,3604104 _ 2014,1430,121291,2.1,1.17898277695789,1,0.4189,17.1,70.4,29.6,4.5,0.5,2.6,91.0,0.2,0.6,0.6,2.75,41.2,1600,45.6,580800,77062,6.7,57.6,11.7,49.5,0.2,41.5,0.1,3.5,3.1,8.7,45845,12948,30849,43797,55.6,29.8,44.3,11.3,4.8
3604105,2014,3604105 _ 2014,63902,200341,58.1,31.896616269260896,5,0.3896,16.1,72.3,27.7,5.3,1.0,3.1,91.5,0.3,0.5,0.7,3.22,41.3,1450,46.2,407500,77713,7.0,71.3,11.1,17.3,0.2,15.1,0.1,5.3,3.9,9.8,64706,16951,44309,61260,56.3,12.7,28.8,11.0,6.1
3604106,2014,3604106 _ 2014,10909,155984,12.2,6.99366601702739,3,0.4446,14.2,46.3,53.7,5.9,1.7,3.1,89.0,0.2,1.0,2.6,2.76,40.5,1324,47.3,490500,59128,11.6,59.8,18.6,40.5,0.2,33.3,0.0,9.7,4.1,9.4,58035,29356,25270,54626,51.3,26.4,41.0,12.7,6.5
3604107,2014,3604107 _ 2014,6652,144567,8.7,4.6013267204825405,2,0.4464,10.1,23.7,76.3,6.4,2.7,1.6,90.0,0.9,2.1,8.7,3.24,58.4,1373,53.4,456200,45883,18.8,57.1,50.3,41.0,0.5,33.2,0.0,14.2,2.4,8.6,47461,33903,10530,44433,34.1,52.6,21.0,27.4,4.3
3604108,2014,3604108 _ 2014,1393,111741,2.8,1.2466328384388898,1,0.46,10.7,44.4,55.6,6.9,1.3,2.4,91.1,0.4,0.7,2.0,2.18,25.0,1434,46.8,343100,62328,7.4,55.1,14.9,63.4,0.2,26.4,0.1,4.5,2.5,11.2,54844,28408,22676,51084,48.0,26.4,53.6,9.8,4.5
3604109,2014,3604109 _ 2014,1403,136080,2.1,1.03101116990006,1,0.4508,12.3,26.4,73.6,7.4,1.6,2.7,89.5,0.2,1.1,4.4,2.61,42.5,1440,46.0,468000,56713,10.7,59.7,33.2,51.3,0.2,35.4,0.1,8.1,2.9,7.0,55848,38042,13655,51697,41.3,39.3,36.6,22.7,4.5
3604110,2014,3604110 _ 2014,1487,167945,1.9,0.8854089136324391,1,0.4402,13.7,40.7,59.3,8.0,0.5,3.8,91.5,0.6,0.8,1.2,2.73,47.1,1305,45.4,516000,57540,12.0,56.7,35.7,81.4,0.2,7.8,0.0,6.9,1.7,7.5,66669,36369,24953,61322,58.6,23.4,24.2,16.0,5.1
3604111,2014,3604111 _ 2014,6292,148606,7.7,4.2340147773306605,2,0.4205,16.4,45.9,54.1,8.3,2.2,4.3,89.5,0.8,1.3,2.1,3.3,51.0,1354,46.5,415800,60780,13.8,70.4,40.9,36.7,0.5,26.1,0.0,23.4,5.6,9.7,48895,24230,20597,44827,45.6,25.4,26.0,15.8,6.8
3604112,2014,3604112 _ 2014,84850,237956,64.6,35.6578527122661,5,0.4295,15.6,48.4,51.6,7.4,2.9,2.9,90.8,0.3,1.0,3.5,3.3,51.2,1180,51.2,376400,52992,13.2,74.9,19.0,5.9,0.6,10.7,0.1,13.4,4.8,10.9,76882,36747,34428,71175,57.2,14.3,20.0,14.9,9.6
3604113,2014,3604113 _ 2014,12221,134884,16.4,9.06037780611488,3,0.4386,17.6,65.4,34.6,5.9,1.0,2.0,91.6,0.4,0.5,1.7,3.34,50.1,1355,52.6,436000,61589,10.5,68.1,23.8,34.5,0.7,19.4,0.1,22.3,6.6,10.4,42833,13927,26364,40291,51.0,12.7,20.1,15.0,7.1
3604114,2014,3604114 _ 2014,24816,117470,38.5,21.1253937175449,4,0.4915,18.3,37.4,62.6,12.4,2.5,4.4,89.9,1.1,0.6,2.4,2.82,46.2,1013,44.9,445200,47926,17.2,64.6,22.8,48.7,0.2,3.1,0.1,7.0,2.4,16.0,45397,24883,14864,39747,70.2,14.3,25.0,11.4,6.2
3603701,2015,3603701 _ 2015,9060,109425,15.2,8.27964359150103,3,0.4938,11.5,31.6,68.4,8.7,3.3,3.0,88.9,0.3,0.6,3.5,2.52,19.6,1239,42.0,291900,58202,14.8,50.3,45.7,44.0,0.5,5.3,0.1,30.2,4.8,10.9,45131,28171,13038,41209,63.2,20.6,38.6,11.0,6.8
3603702,2015,3603702 _ 2015,54481,143158,68.3,38.0565528995935,5,0.4518,12.4,36.6,63.4,7.6,2.0,4.7,90.2,0.3,0.8,3.0,2.99,54.8,1186,51.3,394500,45728,18.3,72.0,22.7,12.3,0.6,2.2,0.1,13.9,2.6,12.2,51281,30027,17367,47394,55.2,9.0,22.5,12.5,9.3
3603703,2015,3603703 _ 2015,21425,124045,30.1,17.2719577572655,4,0.4487,11.1,43.5,56.5,6.3,1.6,1.9,91.3,0.2,0.5,1.0,2.56,33.8,1108,40.0,344300,54908,10.0,51.7,36.2,42.1,0.4,3.0,0.0,20.7,3.6,14.4,50011,26479,20405,46884,72.8,11.9,25.3,8.1,6.1
3603704,2015,3603704 _ 2015,16646,130836,24.4,12.722798006664801,3,0.47100000000000003,15.3,28.1,71.9,6.4,1.9,2.7,89.8,0.2,0.5,4.4,2.9,47.4,1192,47.2,428200,46305,18.6,65.6,44.9,33.1,0.5,8.1,0.0,30.2,3.5,13.3,46919,31580,12359,43939,57.8,22.7,23.6,13.1,8.3
3603705,2015,3603705 _ 2015,31317,170324,33.1,18.3867217773185,4,0.5002,13.9,7.2,92.8,7.7,6.4,3.3,87.5,0.7,0.7,5.4,2.95,55.3,920,52.0,367900,22632,41.7,70.3,63.6,13.8,0.5,0.8,0.1,48.9,2.9,13.7,59979,51406,3974,55380,59.9,27.5,12.3,13.9,10.1
3603706,2015,3603706 _ 2015,12849,128610,19.3,9.99066946582692,3,0.4773,14.3,6.3,93.7,5.6,3.7,2.3,87.5,0.7,1.3,6.4,2.87,37.9,1150,55.8,209500,32179,30.6,67.7,67.2,17.3,0.7,6.7,0.0,50.9,5.0,13.1,46707,41339,2767,44106,49.8,35.2,17.8,14.9,9.8
3603707,2015,3603707 _ 2015,22877,135594,31.5,16.8716904877797,4,0.4882,14.6,3.6,96.4,6.2,7.3,2.7,88.9,0.5,1.0,6.9,2.97,60.8,1059,59.2,399700,24165,40.1,66.7,68.8,10.7,0.6,1.6,0.1,52.2,3.2,14.6,47478,42945,1606,44551,51.9,36.4,12.7,16.0,9.0
3603708,2015,3603708 _ 2015,27358,141348,36.3,19.355066927017,4,0.4881,12.5,7.4,92.6,5.9,5.9,2.7,91.7,0.6,0.6,7.9,2.9,43.0,1055,56.2,241800,26189,36.2,43.1,63.2,11.6,0.8,1.6,0.0,46.3,3.4,15.1,50918,44357,3564,47921,53.3,34.4,14.2,15.3,8.4
3603709,2015,3603709 _ 2015,34348,186187,34.2,18.4481193638654,4,0.4671,11.0,21.4,78.6,6.9,1.5,2.1,90.6,0.6,0.6,4.6,2.9,50.0,1084,47.7,350400,36394,25.5,67.5,58.0,21.3,0.5,7.1,0.0,32.1,4.8,12.9,68525,50108,13679,63787,57.8,24.8,16.3,14.1,8.1
3603710,2015,3603710 _ 2015,26347,158830,33.1,16.5881760372726,4,0.5014,9.2,6.5,93.5,6.8,5.5,2.7,85.2,0.7,0.9,3.8,2.96,48.0,795,48.8,315700,22001,40.9,74.6,68.5,14.0,0.5,0.9,0.1,49.0,2.3,15.0,53380,46497,3234,49731,61.1,33.7,9.7,16.0,6.9
3603801,2015,3603801 _ 2015,14024,216535,12.4,6.4765511349204505,3,0.4805,8.9,8.8,91.2,5.2,3.3,1.5,88.0,0.4,0.5,4.8,2.89,16.8,1173,46.8,393500,41687,22.2,52.5,70.6,36.0,0.9,2.8,0.2,41.8,6.0,11.6,77797,67238,6512,73750,49.0,37.9,31.6,14.8,8.8
3603802,2015,3603802 _ 2015,19861,131157,28.5,15.142920316872098,4,0.5765,11.7,13.7,86.3,8.5,3.1,4.1,84.0,0.7,1.3,3.0,2.56,19.9,1189,43.7,581800,43518,21.0,55.5,38.1,38.1,0.3,8.4,0.0,15.4,9.2,10.4,51120,40353,6429,46782,62.2,20.8,44.0,12.8,5.3
3603803,2015,3603803 _ 2015,44601,131891,63.0,33.8165606447749,5,0.5553,15.7,13.0,87.0,10.4,3.1,4.6,88.9,0.9,1.0,1.9,2.42,33.5,950,40.5,625500,38621,24.4,69.6,22.9,18.1,0.4,3.1,0.1,10.6,4.7,12.7,59417,46332,6925,53257,74.4,11.3,35.1,12.3,8.2
3603804,2015,3603804 _ 2015,23326,121669,34.4,19.1716871183292,4,0.5947,8.6,6.9,93.1,7.8,11.3,3.1,89.4,0.8,0.8,3.7,2.47,22.9,874,39.1,578000,30973,28.8,51.8,46.5,27.8,0.3,7.5,0.1,26.5,3.4,13.8,50819,43658,3212,46870,67.0,20.0,30.9,14.0,6.5
3603805,2015,3603805 _ 2015,3952,220697,3.3,1.79069040358501,2,0.5677,8.9,34.4,65.6,15.3,2.2,4.6,84.2,0.2,0.5,1.5,1.86,21.3,2012,33.5,1013800,107733,3.6,48.4,7.9,83.8,0.1,8.9,0.1,1.2,2.7,7.4,137382,76403,40000,116403,75.2,6.1,79.8,5.0,2.9
3603806,2015,3603806 _ 2015,9211,194449,8.0,4.73697473373481,3,0.5743,9.6,33.0,67.0,15.7,2.3,4.7,84.1,1.1,2.2,1.7,1.93,19.7,1787,33.2,973100,101986,6.5,56.1,14.4,75.6,0.5,8.7,0.0,3.9,3.3,9.2,116879,65963,32527,98490,74.4,8.4,75.7,5.5,3.9
3603807,2015,3603807 _ 2015,4766,149404,6.4,3.19000829964392,2,0.5738,11.8,22.8,77.2,18.5,2.4,4.8,78.6,1.1,2.0,2.1,1.73,19.9,2111,34.1,881000,97121,7.5,56.3,14.8,70.2,0.4,15.7,0.0,4.0,3.3,8.0,102836,64637,19141,83778,70.2,9.7,73.3,7.3,4.6
3603808,2015,3603808 _ 2015,2381,146468,3.5,1.6256110549744698,2,0.5342,12.3,32.0,68.0,16.6,1.5,4.5,79.4,0.2,1.0,2.1,1.75,21.1,2180,33.7,736300,104495,4.2,52.1,8.3,75.8,0.2,15.6,0.0,2.7,2.2,7.2,96190,54567,25688,80255,74.7,5.8,79.1,5.1,3.4
3603809,2015,3603809 _ 2015,7474,163970,8.8,4.558150881258769,2,0.5693,13.7,11.8,88.2,7.3,2.5,3.3,85.5,0.3,0.8,3.0,2.15,20.0,1000,39.0,619300,42102,25.0,46.0,24.7,42.0,0.4,32.1,0.1,13.1,3.5,14.0,77741,63554,8488,72042,58.4,28.6,42.9,9.6,4.6
3603810,2015,3603810 _ 2015,1639,153267,2.5,1.06937566468972,1,0.5554,14.5,29.4,70.6,14.5,3.4,4.3,78.0,0.5,0.8,2.9,1.84,24.8,2489,31.8,1083200,120408,4.2,54.4,6.8,76.4,0.2,15.8,0.0,2.0,3.2,5.5,92108,55635,23157,78792,73.9,6.2,81.8,4.6,3.3
3603901,2015,3603901 _ 2015,812,166591,1.2,0.48742128926532596,1,0.4127,17.1,80.5,19.5,3.9,0.8,3.8,95.0,0.7,0.6,0.6,2.85,37.6,1237,40.9,478200,84836,5.7,70.4,10.0,92.2,0.1,4.6,0.0,0.9,1.0,9.2,60638,11355,46932,58287,83.6,6.8,32.2,4.6,3.9
3603902,2015,3603902 _ 2015,3318,133508,4.2,2.48524432992779,2,0.445,15.0,71.0,29.0,6.3,1.7,5.4,94.9,0.7,0.5,0.8,2.76,38.6,1202,44.9,442900,74476,7.5,68.5,13.1,79.0,0.3,12.7,0.0,2.1,1.6,10.6,50460,13730,33566,47296,70.9,13.8,31.9,6.9,3.6
3603903,2015,3603903 _ 2015,22610,172382,24.5,13.1162186307155,3,0.4724,13.4,55.7,44.3,10.2,3.3,8.9,93.1,0.7,1.0,1.8,2.8,35.3,1117,47.8,376600,58985,16.9,72.7,29.1,56.1,0.3,7.7,0.0,7.5,3.8,10.1,67038,26699,33502,60201,73.3,12.7,28.3,10.0,4.5
3604001,2015,3604001 _ 2015,5179,153557,6.2,3.37268896891708,2,0.5125,9.7,16.8,83.2,6.6,2.9,2.1,89.0,0.5,1.0,3.3,2.46,40.6,1449,39.8,714000,56272,24.0,60.8,23.2,75.9,0.5,6.7,0.0,8.1,2.6,7.9,66315,51570,10383,61953,71.2,22.5,45.5,12.0,4.6
3604002,2015,3604002 _ 2015,19673,136730,27.4,14.388210341549001,3,0.4885,11.0,12.8,87.2,8.9,3.4,4.4,87.3,0.5,1.0,4.5,3.0,54.4,1240,49.0,485500,40533,27.4,71.2,62.8,43.8,0.8,4.9,0.0,19.7,3.4,8.6,49254,39125,5750,44875,56.5,30.1,21.3,23.7,9.7
3604003,2015,3604003 _ 2015,45196,139904,59.7,32.305009149130804,5,0.5208,12.4,20.9,79.1,13.0,3.9,5.3,88.2,1.1,1.0,3.2,2.74,46.9,1063,46.5,621700,36859,27.9,74.5,19.0,27.5,0.3,2.3,0.0,7.6,2.7,10.6,57868,39839,10518,50357,76.8,12.1,26.1,11.4,9.5
3604004,2015,3604004 _ 2015,20898,131889,28.2,15.845142506198401,4,0.534,14.9,30.5,69.5,10.0,2.5,2.4,84.6,0.7,1.1,2.6,2.19,31.2,1574,33.7,725400,77220,13.7,64.8,16.6,50.1,0.2,8.9,0.1,8.1,4.4,9.7,62361,38995,17137,56132,76.3,9.5,59.4,8.9,6.2
3604005,2015,3604005 _ 2015,5570,115910,8.0,4.805452506254849,3,0.49700000000000005,15.0,34.8,65.2,7.2,1.3,2.3,83.4,0.3,1.0,2.0,2.34,23.5,1876,29.7,979900,101750,7.1,69.8,18.6,71.6,0.2,6.6,0.0,8.2,5.2,7.6,52953,32037,17116,49153,78.0,8.1,70.0,8.1,5.0
3604006,2015,3604006 _ 2015,45964,125410,64.8,36.6509847699545,5,0.5142,12.2,17.3,82.7,10.7,3.3,5.6,89.5,0.8,0.5,2.5,2.4,44.4,1135,44.4,665600,42796,24.6,67.6,12.6,21.4,0.3,3.7,0.1,6.7,3.2,9.8,57448,42422,8860,51282,65.9,8.7,35.5,13.7,7.0
3604007,2015,3604007 _ 2015,57305,125747,78.7,45.5716637375047,5,0.5201,11.2,17.5,82.5,9.1,2.1,4.9,91.7,0.7,1.0,2.6,2.75,49.8,903,50.6,408200,27512,33.2,71.7,21.1,6.4,0.3,1.3,0.0,11.5,1.8,12.2,48200,36154,7655,43809,66.8,9.6,12.1,11.8,8.1
3604008,2015,3604008 _ 2015,49501,154119,57.7,32.118687507705104,5,0.4933,10.2,22.6,77.4,12.8,3.8,6.4,93.5,0.6,0.8,4.5,2.91,57.6,1080,48.0,405500,34746,27.2,77.9,37.1,22.5,0.4,4.0,0.1,13.0,2.3,11.1,59989,40515,11798,52313,59.5,15.7,14.5,10.8,6.3
3604009,2015,3604009 _ 2015,75102,208145,64.7,36.081577746282605,5,0.4384,14.4,57.8,42.2,6.4,1.9,3.6,94.3,0.6,0.6,4.1,3.03,49.1,1269,44.0,482100,65382,10.1,76.2,8.1,25.6,0.3,4.5,0.0,3.5,1.4,8.8,72992,28859,39471,68330,57.3,14.5,29.4,8.5,6.3
3604010,2015,3604010 _ 2015,70173,136530,90.8,51.3974950560316,5,0.4372,7.7,34.1,65.9,9.4,1.6,3.6,94.0,0.3,0.5,2.9,2.76,55.5,1170,49.9,422700,46725,14.6,71.9,6.7,3.0,0.2,1.3,0.0,3.4,1.4,8.5,53951,32194,16662,48856,46.0,8.9,21.2,13.7,6.5
3604011,2015,3604011 _ 2015,44298,111688,70.6,39.662273476112,5,0.4814,18.2,15.2,84.8,7.7,3.2,3.8,91.4,0.7,0.7,4.3,2.66,50.6,1182,50.3,560800,41984,17.6,66.4,9.7,20.7,0.2,2.0,0.0,4.5,2.1,8.4,44686,34950,6274,41224,56.0,11.6,26.7,13.1,8.7
3604012,2015,3604012 _ 2015,2203,152612,3.4,1.44352999764108,1,0.4944,13.0,25.4,74.6,7.0,1.7,3.1,86.4,0.5,1.0,7.3,3.25,47.2,1280,51.6,659400,45509,26.2,57.1,42.0,35.3,0.7,31.7,0.0,26.0,3.0,8.3,49711,34507,11742,46249,47.7,48.2,25.3,18.5,5.6
3604013,2015,3604013 _ 2015,1024,129717,1.6,0.789410794267521,1,0.4808,12.4,38.8,61.2,8.0,1.7,3.6,90.2,0.3,0.9,4.4,2.6,40.0,1322,43.6,680600,59466,13.6,53.1,15.1,65.3,0.3,23.9,0.0,6.4,2.3,9.8,53943,30373,19259,49632,57.9,28.3,38.7,9.7,5.3
3604014,2015,3604014 _ 2015,1739,165372,2.3,1.05156858476647,1,0.5003,15.7,32.5,67.5,6.6,1.7,2.7,94.1,0.4,0.9,6.8,3.52,58.6,1307,60.2,714400,40934,27.4,56.4,11.7,74.7,0.3,13.5,0.0,7.6,1.6,8.6,49901,31440,15163,46603,66.3,32.6,26.2,9.8,3.8
3604015,2015,3604015 _ 2015,30933,161205,33.9,19.1886107751,4,0.4976,19.6,22.3,77.7,5.3,1.8,2.4,92.6,0.5,1.0,6.2,2.81,45.1,1233,50.4,649000,45316,16.9,64.0,14.5,43.7,0.2,10.6,0.0,9.4,2.3,9.8,60268,44331,12750,57081,54.3,27.7,36.1,12.5,6.0
3604016,2015,3604016 _ 2015,3558,149519,4.0,2.37963068238819,2,0.491,19.0,47.0,53.0,8.0,2.3,3.2,92.2,0.3,1.0,2.5,2.64,47.4,1210,48.2,541300,51853,13.5,50.4,8.4,74.7,0.3,16.6,0.0,2.9,1.4,11.5,61169,29850,26432,56282,51.0,32.7,38.3,8.2,5.0
3604017,2015,3604017 _ 2015,1136,189387,1.2,0.599829977770385,1,0.47100000000000003,14.0,35.9,64.1,6.3,1.7,2.9,91.3,0.3,0.8,3.5,2.97,51.4,1208,46.3,652700,50092,15.7,51.1,14.0,51.3,0.1,39.0,0.0,7.3,1.2,10.3,67623,40649,22740,63389,42.6,47.3,27.6,12.6,5.7
3604018,2015,3604018 _ 2015,7248,107818,12.1,6.722439666845981,3,0.5475,19.6,29.4,70.6,9.0,4.5,3.3,92.5,0.5,0.7,3.4,2.4,42.9,933,47.3,427500,32144,20.6,42.4,14.8,65.6,0.5,14.1,0.0,5.9,1.9,19.0,48650,31259,13007,44266,43.5,43.5,34.7,10.4,6.3
3604101,2015,3604101 _ 2015,7289,173828,7.6,4.19322548726327,2,0.4648,12.0,18.1,81.9,8.3,0.8,3.1,87.2,0.3,0.5,2.3,2.35,44.0,1421,40.5,597900,53270,14.4,46.1,27.8,63.8,0.4,14.8,0.1,10.2,3.0,9.4,80151,60199,13311,73510,55.8,24.8,42.6,15.4,6.0
3604102,2015,3604102 _ 2015,6441,183644,6.6,3.50732939818344,2,0.4319,11.0,32.8,67.2,7.5,2.3,2.4,91.5,0.8,1.5,8.0,3.24,47.9,1364,53.3,413600,50095,16.1,59.4,66.8,43.8,0.5,16.5,0.0,29.1,3.4,7.7,60755,37745,18425,56170,36.7,47.7,20.6,27.2,4.8
3604103,2015,3604103 _ 2015,3361,250097,2.4,1.3438785751128601,1,0.4664,12.7,47.6,52.4,8.4,2.6,3.5,91.0,0.3,0.8,3.5,2.84,46.5,1377,54.1,550100,52359,13.2,50.3,17.1,34.5,0.4,51.4,0.0,8.7,2.5,8.5,95157,45653,41498,87151,41.5,49.1,28.5,19.5,4.3
3604104,2015,3604104 _ 2015,1451,121032,2.2,1.1988565007601297,1,0.4199,15.2,69.7,30.3,4.8,0.9,3.5,91.5,0.3,0.6,0.6,2.75,38.4,1640,45.6,588400,78844,6.7,57.6,11.7,48.8,0.2,41.9,0.1,3.4,3.4,8.6,45919,13258,30447,43705,55.9,29.4,44.5,9.8,4.3
3604105,2015,3604105 _ 2015,62750,199745,57.7,31.4150541940975,5,0.3885,15.4,72.1,27.9,5.7,1.1,3.3,92.0,0.3,0.6,1.0,3.25,40.0,1459,44.6,413500,77227,6.9,70.0,11.7,17.5,0.2,15.1,0.1,5.7,3.8,9.9,64119,16902,43578,60480,56.8,12.4,28.8,9.8,5.9
3604106,2015,3604106 _ 2015,11438,160025,12.3,7.147633182315261,3,0.4507,13.5,45.8,54.2,5.7,1.7,2.1,89.6,0.1,0.3,2.6,2.81,41.4,1344,48.0,495400,60287,11.6,57.8,18.4,39.7,0.2,33.9,0.0,9.7,4.1,8.7,58265,29796,25170,54966,50.8,27.0,40.0,11.6,5.8
3604107,2015,3604107 _ 2015,6759,143434,8.9,4.7122718462847,2,0.4429,8.8,23.2,76.8,7.1,2.2,1.8,90.4,0.8,2.2,8.9,3.24,57.8,1378,54.9,446500,45569,19.2,53.0,50.3,38.7,0.6,33.7,0.0,15.8,2.4,9.3,47335,33791,10195,43986,34.0,52.0,21.5,25.0,3.9
3604108,2015,3604108 _ 2015,1701,114489,3.4,1.4857322537536397,1,0.4643,9.4,44.5,55.5,6.8,1.1,2.4,90.6,0.4,0.8,2.6,2.2,24.2,1459,44.5,339600,65504,7.9,55.3,15.0,61.4,0.3,26.9,0.1,4.6,3.4,11.2,55445,28700,22993,51693,48.1,25.9,54.1,8.5,4.1
3604109,2015,3604109 _ 2015,1258,138596,2.1,0.90767410314872,1,0.455,10.2,27.1,72.9,8.4,1.8,2.6,89.4,0.3,1.0,4.6,2.65,38.8,1479,45.4,474700,56870,11.2,56.7,32.9,51.0,0.2,35.6,0.0,8.1,2.9,6.6,56590,37818,14031,51849,41.8,39.5,37.2,20.6,4.0
3604110,2015,3604110 _ 2015,1610,170817,1.9,0.942529139371374,1,0.4451,12.3,41.3,58.7,8.1,0.4,3.9,92.3,0.6,0.8,1.3,2.77,45.9,1319,44.7,524400,59175,10.9,57.7,36.0,82.0,0.2,7.8,0.0,6.3,1.8,7.1,66907,36073,25389,61462,58.4,22.9,25.1,15.2,5.0
3604111,2015,3604111 _ 2015,6245,153164,7.5,4.077328876237241,2,0.4297,15.4,46.2,53.8,7.9,2.0,3.8,90.0,0.7,1.1,2.4,3.39,48.1,1382,48.0,423100,60674,14.2,70.3,41.3,37.3,0.5,26.2,0.0,22.8,5.7,9.6,48973,24261,20823,45084,45.9,25.7,25.9,14.6,6.0
3604112,2015,3604112 _ 2015,85173,236745,65.0,35.9766837736805,5,0.4298,14.1,48.7,51.3,7.1,2.6,2.7,90.7,0.2,0.3,3.3,3.29,49.2,1195,50.3,379300,53830,12.2,76.1,17.1,6.0,0.5,11.5,0.0,13.4,3.5,11.0,76342,36385,34529,70914,56.3,14.2,20.3,13.5,8.9
3604113,2015,3604113 _ 2015,12316,136623,16.6,9.014587587741449,3,0.4415,15.0,64.1,35.9,6.6,1.4,2.2,91.9,0.3,0.3,1.8,3.42,46.9,1366,51.0,429900,62375,10.8,67.3,25.0,33.8,0.7,20.3,0.1,22.6,5.9,10.5,42654,14302,25532,39834,51.0,13.0,20.4,13.1,6.7
3604114,2015,3604114 _ 2015,25274,118917,38.3,21.2534793175072,4,0.4852,15.4,36.8,63.2,12.6,2.1,4.7,90.6,1.2,0.9,2.3,2.85,44.3,1050,44.0,443600,49091,16.7,62.4,23.9,48.5,0.2,3.7,0.1,6.9,2.4,16.9,45581,25200,14644,39844,69.7,13.7,25.9,10.2,5.9
3603701,2016,3603701 _ 2016,9032,109810,15.4,8.22511610964393,3,0.4924,10.4,31.6,68.4,7.3,1.7,2.5,88.6,0.5,0.8,3.5,2.5,18.4,1287,43.8,282100,58409,14.9,48.9,47.7,43.5,0.5,5.3,0.1,30.6,4.7,10.9,45000,28532,13186,41718,61.7,22.1,39.5,9.3,5.9
3603702,2016,3603702 _ 2016,54446,144341,68.4,37.720398223650896,5,0.452,11.8,36.9,63.1,7.1,2.2,4.0,89.7,0.3,0.6,3.4,2.98,52.0,1216,50.4,397000,47168,17.4,71.9,22.6,12.3,0.7,2.7,0.1,13.2,2.6,13.0,51460,30171,17646,47817,55.0,9.5,22.8,11.1,8.3
3603703,2016,3603703 _ 2016,22460,122417,31.2,18.3471249908101,4,0.4396,11.7,44.6,55.4,5.4,1.4,1.5,91.0,0.3,0.2,1.4,2.51,33.4,1130,38.6,344000,56627,9.7,50.4,37.1,41.0,0.4,3.0,0.0,20.7,3.8,15.0,49801,26096,21038,47134,71.9,12.2,25.6,7.0,5.4
3603704,2016,3603704 _ 2016,16561,129501,24.4,12.7883182369248,3,0.4687,14.2,28.4,71.6,6.1,1.8,2.6,90.0,0.4,0.7,4.3,2.87,45.5,1220,46.9,432300,47655,18.2,65.6,47.0,32.5,0.7,7.7,0.0,31.0,3.6,13.6,46791,31477,12477,43954,56.8,23.7,23.8,12.2,7.6
3603705,2016,3603705 _ 2016,31350,171849,33.3,18.2427596320025,4,0.5047,14.3,7.2,92.8,6.7,5.3,2.6,88.3,0.6,0.7,5.2,2.91,52.8,933,51.6,369100,23710,39.8,68.5,63.5,13.7,0.3,0.8,0.0,48.8,3.0,14.3,60719,52530,4103,56633,60.3,26.5,13.1,12.1,8.9
3603706,2016,3603706 _ 2016,12763,129955,18.9,9.821091916432609,3,0.4828,13.6,6.1,93.9,4.7,2.4,2.2,88.5,0.7,1.3,7.3,2.85,36.0,1166,55.0,211800,32732,29.8,64.1,69.6,17.4,0.7,6.3,0.1,51.7,4.8,12.8,47128,42178,2731,44909,48.9,36.0,17.0,14.1,9.2
3603707,2016,3603707 _ 2016,22808,136982,31.2,16.6503628213926,4,0.4923,15.8,3.3,96.7,5.6,7.4,2.7,90.4,0.5,0.9,7.5,2.96,53.5,1088,59.8,386900,24436,39.8,72.2,68.8,10.6,0.6,1.5,0.1,53.1,2.8,14.3,47836,43635,1502,45137,52.2,35.9,13.1,14.4,8.1
3603708,2016,3603708 _ 2016,26833,141055,35.1,19.0230761050654,4,0.4919,7.4,7.1,92.9,5.3,4.1,2.2,92.8,0.4,0.4,8.5,2.86,44.7,1077,54.6,203300,27102,34.7,41.2,64.1,10.3,0.6,1.7,0.0,48.6,3.6,15.2,51230,45073,3444,48517,52.2,34.8,14.8,14.1,7.4
3603709,2016,3603709 _ 2016,35002,189556,34.0,18.465255650045396,4,0.4668,9.9,21.7,78.3,5.7,1.0,2.2,91.4,0.4,0.5,4.4,2.91,51.1,1105,48.7,350200,36440,26.3,66.3,58.4,22.8,0.6,7.2,0.0,30.9,4.5,14.2,68541,50659,14004,64663,57.9,25.0,15.9,12.1,7.9
3603710,2016,3603710 _ 2016,25975,161319,32.6,16.1016371289185,4,0.5174,9.3,6.8,93.2,6.7,5.8,2.2,86.5,0.6,0.7,3.9,2.98,46.8,844,48.6,346000,23131,39.7,73.6,68.2,11.7,0.6,0.9,0.1,51.3,2.7,14.0,53895,46820,3438,50258,61.0,32.6,9.8,15.0,6.1
3603801,2016,3603801 _ 2016,14889,218698,13.0,6.808018363222341,3,0.4833,6.5,9.1,90.9,5.6,4.3,1.7,88.6,0.4,0.4,5.2,2.9,15.4,1205,46.7,394000,43307,21.8,51.7,70.1,36.6,0.9,2.8,0.1,39.8,6.8,11.8,78591,67468,6732,74200,48.8,37.4,32.2,12.9,7.9
3603802,2016,3603802 _ 2016,18218,129881,26.4,14.0266859663846,3,0.5765,12.3,14.6,85.4,9.1,2.3,4.2,84.5,0.8,1.6,2.6,2.54,15.8,1221,43.9,562200,45765,19.5,54.1,37.9,39.4,0.4,8.4,0.0,15.2,10.2,10.4,51473,39954,6832,46786,63.1,20.2,45.3,11.3,5.0
3603803,2016,3603803 _ 2016,45872,135967,62.3,33.7375980936551,5,0.562,17.2,12.5,87.5,9.9,3.7,4.7,89.5,0.7,1.0,1.9,2.45,34.1,978,40.1,646200,40816,24.7,67.8,23.6,18.4,0.5,3.2,0.1,11.1,4.4,12.2,60228,47467,6793,54260,74.1,11.3,36.1,10.5,7.6
3603804,2016,3603804 _ 2016,23372,122550,34.5,19.071399428804604,4,0.6018,7.3,7.1,92.9,6.8,8.8,3.1,89.8,0.8,0.8,3.4,2.42,24.6,887,38.1,639800,31628,29.0,53.3,45.2,30.3,0.4,7.7,0.1,23.8,3.2,14.1,51490,44543,3427,47970,68.5,18.9,32.5,11.0,5.9
3603805,2016,3603805 _ 2016,4305,221922,3.3,1.9398707654040601,2,0.5654,8.3,34.9,65.1,14.6,2.5,5.7,84.2,0.1,0.6,1.5,1.87,21.3,2102,33.4,1038200,109111,3.4,47.7,9.0,82.6,0.2,9.4,0.1,1.5,2.9,7.5,136736,76110,40713,116823,74.6,6.0,80.1,4.1,2.7
3603806,2016,3603806 _ 2016,8341,193715,7.7,4.30581008182123,2,0.5782,8.4,34.2,65.8,16.2,1.3,4.7,83.9,0.9,2.0,1.6,1.93,16.4,1851,33.1,1045900,104638,6.8,55.1,14.4,75.6,0.5,9.3,0.0,4.0,3.0,9.3,117367,64695,33636,98331,74.0,8.7,75.6,4.8,3.7
3603807,2016,3603807 _ 2016,4508,149309,6.3,3.0192419746967705,2,0.5669,11.7,22.5,77.5,19.6,3.1,6.4,79.3,0.7,1.7,2.4,1.72,20.5,2186,34.2,904700,100097,7.4,53.6,14.6,70.3,0.3,16.4,0.0,3.8,2.9,8.1,104620,65121,18958,84079,69.1,9.6,74.1,5.7,4.1
3603808,2016,3603808 _ 2016,2432,146750,3.5,1.6572402044293002,2,0.5236,9.6,32.1,67.9,17.1,2.3,5.9,79.7,0.1,0.8,2.4,1.76,20.4,2270,33.7,740400,106171,3.7,50.8,8.7,76.5,0.2,15.9,0.0,1.2,2.8,7.6,96124,54143,25554,79697,74.9,6.0,79.0,4.3,2.8
3603809,2016,3603809 _ 2016,8107,160709,9.2,5.04452146426149,3,0.5726,12.2,11.9,88.1,6.6,2.4,3.0,86.2,0.2,0.9,2.8,2.08,21.0,1051,38.2,631500,42223,23.4,46.8,24.9,43.1,0.2,31.3,0.1,12.5,3.5,13.8,77723,63907,8652,72559,59.0,27.9,43.9,8.2,4.5
3603810,2016,3603810 _ 2016,1748,155488,2.4,1.12420251080469,1,0.5521,12.4,29.3,70.7,14.7,2.5,4.7,78.6,0.3,0.6,3.1,1.87,23.2,2553,32.2,1158900,124389,4.0,53.7,7.0,76.7,0.2,16.0,0.0,1.6,3.2,5.3,92292,55616,23064,78680,73.8,6.2,81.8,4.3,3.2
3603901,2016,3603901 _ 2016,831,165632,1.1,0.501714644513138,1,0.4183,16.7,81.1,18.9,4.4,0.9,4.7,95.3,0.4,0.5,0.6,2.84,36.8,1249,40.9,489000,86978,5.8,69.9,9.7,91.7,0.1,4.7,0.0,1.3,1.1,9.2,60874,10990,47190,58180,83.6,6.7,32.6,3.9,3.6
3603902,2016,3603902 _ 2016,3489,135323,4.2,2.5782756811480696,2,0.4574,13.9,71.1,28.9,6.5,1.7,4.0,94.8,0.4,0.4,1.0,2.8,36.8,1227,46.8,454900,74942,8.2,67.0,13.6,78.5,0.3,12.6,0.1,2.5,1.8,10.7,50505,13637,33593,47230,70.8,13.2,32.2,6.4,3.4
3603903,2016,3603903 _ 2016,21990,172369,24.1,12.7575144022417,3,0.4785,12.9,55.6,44.4,9.8,3.4,7.9,93.3,0.3,0.6,1.7,2.79,33.9,1145,48.6,382800,60746,17.3,72.5,29.3,56.4,0.3,7.7,0.0,7.6,3.9,10.2,67224,26885,33719,60604,73.0,12.5,29.4,9.4,3.9
3604001,2016,3604001 _ 2016,5621,157433,6.7,3.5704077290021803,2,0.513,10.3,16.3,83.7,5.7,1.5,2.0,89.2,0.4,0.9,3.4,2.47,37.2,1553,40.6,755300,59577,22.6,59.7,23.3,74.9,0.4,7.3,0.0,7.9,2.7,8.6,67138,52989,10293,63282,71.9,22.1,46.3,9.8,4.3
3604002,2016,3604002 _ 2016,20242,135837,28.8,14.9016836355338,4,0.4942,8.7,13.4,86.6,8.2,2.4,3.8,87.3,0.5,0.7,4.4,2.94,52.0,1290,48.6,535300,42197,26.9,69.6,60.5,43.2,0.8,5.0,0.0,19.0,3.3,9.0,49498,39355,6108,45463,57.8,27.6,23.8,20.9,8.8
3604003,2016,3604003 _ 2016,43670,142689,56.9,30.6050221110247,5,0.5247,11.9,21.7,78.3,11.6,2.8,4.8,88.6,0.7,0.7,3.4,2.74,46.2,1142,46.1,673700,40537,26.8,71.9,18.8,29.1,0.5,3.2,0.0,7.2,3.0,10.5,58302,40383,11162,51545,76.9,12.0,29.6,9.7,8.3
3604004,2016,3604004 _ 2016,21262,135679,28.1,15.670811253031099,4,0.5395,13.7,31.0,69.0,9.5,1.8,2.5,84.7,0.6,0.9,2.9,2.21,29.3,1641,32.1,765000,82127,12.9,65.0,15.8,50.1,0.1,9.3,0.1,7.5,4.7,9.5,63215,39459,17722,57181,76.2,9.4,59.9,7.7,5.5
3604005,2016,3604005 _ 2016,5288,116344,7.8,4.545141992711269,3,0.5035,14.2,35.4,64.6,7.2,1.8,1.9,83.7,0.5,1.0,1.9,2.34,23.0,1954,29.3,1017200,104652,6.9,69.4,17.5,72.4,0.2,6.5,0.0,7.5,5.6,7.6,53057,31806,17452,49258,78.8,7.4,70.9,6.0,4.5
3604006,2016,3604006 _ 2016,45618,127627,63.0,35.7432204784254,5,0.5253,11.0,17.6,82.4,9.7,1.8,4.9,89.4,0.6,0.6,2.6,2.38,39.6,1192,43.6,720700,45503,23.1,67.3,12.2,23.2,0.3,3.8,0.0,6.1,3.7,9.4,58227,43289,9263,52552,67.6,7.7,38.1,12.0,5.7
3604007,2016,3604007 _ 2016,56463,123596,79.4,45.6835172659309,5,0.5346,9.8,17.5,82.5,9.4,2.0,4.6,91.7,0.7,0.9,2.3,2.66,49.5,939,51.2,421800,28315,31.2,71.4,21.1,7.0,0.4,1.5,0.0,10.0,1.8,12.6,48845,36519,7737,44256,66.5,9.5,13.2,10.7,7.6
3604008,2016,3604008 _ 2016,49744,155735,57.4,31.9414389828876,5,0.4981,8.6,23.4,76.6,12.0,3.7,5.7,93.5,0.5,0.6,3.7,2.89,56.8,1098,47.1,412000,36385,26.1,77.2,37.1,21.9,0.4,4.5,0.1,13.3,2.4,12.1,60583,40862,12449,53311,59.2,16.0,14.6,9.4,5.7
3604009,2016,3604009 _ 2016,75827,208920,65.1,36.2947539728126,5,0.4393,13.3,58.0,42.0,6.2,1.6,3.5,94.3,0.5,0.5,3.8,3.03,47.2,1300,43.4,491500,68145,9.6,75.7,8.0,25.6,0.3,4.4,0.0,3.3,1.4,8.9,73089,28779,39763,68542,57.7,13.6,30.4,7.9,5.6
3604010,2016,3604010 _ 2016,71445,138643,90.1,51.5316316005857,5,0.4397,7.3,33.5,66.5,9.6,1.5,3.7,94.5,0.3,0.5,2.5,2.78,54.0,1217,49.3,428300,48094,14.5,71.7,7.4,3.4,0.1,1.4,0.0,3.4,1.5,8.5,54637,32841,16537,49378,45.4,9.1,22.3,12.1,5.7
3604011,2016,3604011 _ 2016,43867,111325,69.6,39.404446440601795,5,0.4833,16.0,15.7,84.3,7.9,3.0,3.6,91.6,0.6,0.6,4.1,2.63,50.5,1230,49.0,576300,44329,17.3,65.1,9.6,21.8,0.2,1.9,0.1,4.4,2.1,8.2,45132,35017,6544,41561,56.7,11.2,28.8,12.0,7.3
3604012,2016,3604012 _ 2016,2097,151258,3.4,1.38637295217443,1,0.4938,11.3,26.1,73.9,6.4,1.2,2.5,87.7,0.4,0.9,7.1,3.25,45.4,1332,51.7,699500,48232,26.1,56.7,41.2,35.3,0.5,32.4,0.0,25.4,3.0,8.6,48957,33842,11970,45812,47.5,48.6,26.2,17.2,5.1
3604013,2016,3604013 _ 2016,1168,125011,1.8,0.934317780035357,1,0.4793,12.3,39.2,60.8,9.2,2.2,4.2,90.3,0.3,0.8,4.4,2.57,39.9,1361,43.6,727900,60863,13.7,52.3,15.4,64.7,0.4,24.1,0.0,6.7,2.4,10.0,53313,29407,18987,48394,57.9,27.8,39.4,9.2,4.9
3604014,2016,3604014 _ 2016,1829,164842,2.5,1.10954732410429,1,0.5081,16.2,32.8,67.2,6.2,1.4,2.4,94.0,0.3,0.9,7.2,3.52,56.6,1362,60.6,744500,42864,27.2,55.5,10.9,74.2,0.4,14.1,0.0,6.8,1.9,8.7,49518,31219,15206,46425,66.7,32.3,27.3,8.9,3.5
3604015,2016,3604015 _ 2016,30707,162030,33.5,18.9514287477628,4,0.5012,17.8,22.4,77.6,5.7,1.8,2.3,92.3,0.3,0.9,6.5,2.82,40.6,1280,50.1,670500,48169,16.1,61.2,15.1,43.5,0.2,10.6,0.0,9.5,2.6,10.2,60564,44317,12798,57115,54.9,27.5,36.4,11.6,5.5
3604016,2016,3604016 _ 2016,3540,150931,4.3,2.34544261947512,2,0.4833,15.4,47.2,52.8,7.4,1.8,2.5,91.4,0.3,0.8,2.8,2.65,43.4,1256,47.1,539800,54475,13.4,49.1,9.1,73.9,0.2,16.0,0.2,3.5,1.9,11.5,61125,29894,26725,56619,50.5,33.2,39.9,7.8,4.9
3604017,2016,3604017 _ 2016,1224,189076,1.1,0.647358734054031,1,0.47100000000000003,14.3,35.3,64.7,6.1,1.3,2.6,90.6,0.3,0.8,3.7,2.96,51.2,1248,46.8,682900,51165,15.2,50.7,14.4,50.2,0.2,39.3,0.0,7.8,1.3,10.7,67642,41076,22448,63524,42.5,47.3,28.9,11.6,5.1
3604018,2016,3604018 _ 2016,7010,109876,11.6,6.37991918162292,3,0.545,18.4,29.8,70.2,8.8,4.0,2.7,92.1,0.3,0.5,3.4,2.43,41.9,956,45.5,444200,34979,19.4,43.2,15.0,64.0,0.3,14.5,0.0,6.9,2.7,19.4,48905,31302,13283,44585,43.9,43.3,35.6,9.5,6.0
3604101,2016,3604101 _ 2016,7128,172468,7.3,4.13294060347427,2,0.4692,11.3,17.7,82.3,9.3,0.5,2.5,86.9,0.2,0.4,2.3,2.34,44.5,1470,39.2,618300,56201,13.4,44.9,27.2,62.6,0.4,16.1,0.1,10.2,3.3,9.7,80762,60307,12977,73284,56.3,24.6,43.9,13.1,5.4
3604102,2016,3604102 _ 2016,6327,180562,6.3,3.5040595474130805,2,0.4334,9.2,33.7,66.3,9.2,2.4,2.3,92.2,0.5,1.3,7.6,3.26,46.5,1403,53.7,437700,51083,15.5,59.6,66.7,43.6,0.6,17.3,0.1,29.3,2.8,8.0,60548,36445,18503,54948,38.1,46.9,19.9,24.1,4.3
3604103,2016,3604103 _ 2016,3441,250162,2.6,1.3755086703815902,1,0.4678,12.9,47.5,52.5,9.1,2.2,3.8,91.8,0.2,0.9,3.4,2.85,46.1,1412,55.4,566900,52722,13.6,49.6,17.6,32.7,0.3,52.2,0.0,9.5,2.6,8.5,95383,45552,41159,86711,41.5,51.1,27.4,18.4,3.5
3604104,2016,3604104 _ 2016,1534,119917,2.2,1.2792181258703899,1,0.4264,14.4,69.7,30.3,5.6,0.9,2.4,91.9,0.2,0.5,0.7,2.75,36.2,1642,44.0,599500,78520,6.4,56.2,11.8,48.3,0.1,43.0,0.0,3.2,3.2,8.6,45904,13119,30226,43345,56.1,30.5,43.4,8.4,3.6
3604105,2016,3604105 _ 2016,63581,200852,57.9,31.655646944018503,5,0.3946,13.6,71.5,28.5,5.7,1.0,2.6,92.6,0.2,0.6,0.7,3.26,38.6,1474,43.8,423900,78303,6.6,69.9,11.7,16.6,0.2,15.1,0.1,6.3,3.8,9.7,64200,17268,43275,60543,56.6,12.4,28.4,8.5,5.4
3604106,2016,3604106 _ 2016,11802,162548,12.4,7.260624553977901,3,0.4499,13.3,46.4,53.6,5.5,1.2,1.9,89.9,0.1,0.5,2.4,2.84,41.2,1401,48.3,514400,62679,10.9,56.7,18.6,39.5,0.2,34.1,0.0,9.5,4.2,8.8,58541,29642,25666,55308,50.5,27.1,40.3,10.0,5.7
3604107,2016,3604107 _ 2016,6287,142289,8.7,4.4184722641947,2,0.4409,11.3,23.9,76.1,8.4,1.2,1.5,91.9,0.7,2.1,9.5,3.25,59.7,1393,56.0,480000,44865,17.2,50.7,50.7,36.7,0.6,33.4,0.0,18.2,2.4,10.1,47530,33127,10391,43518,35.7,51.2,21.3,21.9,3.9
3604108,2016,3604108 _ 2016,1718,114637,3.2,1.4986435444053798,1,0.4758,8.9,44.9,55.1,7.2,1.6,2.2,90.4,0.2,0.7,2.8,2.22,23.9,1504,44.9,354000,67596,8.5,54.0,15.7,61.9,0.3,27.3,0.1,4.1,3.1,11.1,55488,28387,23131,51518,47.6,25.2,54.8,7.5,3.7
3604109,2016,3604109 _ 2016,1066,139088,2.0,0.766421258483838,1,0.4552,11.2,27.9,72.1,9.1,1.1,2.7,90.1,0.2,0.9,4.5,2.64,38.3,1529,44.2,497200,60154,10.1,54.7,33.2,51.6,0.2,35.4,0.0,7.7,3.2,6.4,57567,37757,14581,52338,42.7,39.8,38.1,18.3,3.7
3604110,2016,3604110 _ 2016,1505,174240,2.0,0.8637511478420571,1,0.4377,11.1,41.7,58.3,8.2,0.2,3.3,92.3,0.4,0.6,1.5,2.82,43.3,1361,42.8,549800,62873,9.9,56.9,35.8,80.4,0.2,8.4,0.0,6.8,2.2,7.2,67008,35871,25649,61520,58.2,23.0,26.2,13.6,4.2
3604111,2016,3604111 _ 2016,5545,154987,6.5,3.57771942162891,2,0.4325,12.9,46.1,53.9,8.1,2.1,3.6,89.8,0.6,1.0,2.5,3.44,46.0,1422,48.3,440500,62333,13.6,70.6,41.8,38.5,0.6,26.5,0.0,22.5,5.4,9.1,48857,24204,20674,44878,45.6,26.2,26.1,13.7,5.2
3604112,2016,3604112 _ 2016,84620,239699,64.2,35.3026086883967,5,0.4257,12.1,48.4,51.6,6.7,2.3,2.6,91.5,0.2,0.3,3.4,3.31,48.1,1223,48.9,389400,55203,11.9,75.5,16.9,6.0,0.4,11.7,0.0,14.3,3.4,10.7,76434,36762,34538,71300,55.9,14.2,20.8,12.3,8.1
3604113,2016,3604113 _ 2016,11616,137073,15.9,8.474316605020679,3,0.4371,13.2,65.0,35.0,7.1,1.7,2.2,92.5,0.4,0.3,1.9,3.46,44.4,1405,50.8,437900,65373,11.4,66.3,25.7,33.3,0.9,21.3,0.1,22.5,6.2,11.3,42560,13846,25690,39536,51.2,13.5,20.7,11.2,6.5
3604114,2016,3604114 _ 2016,25707,121517,37.7,21.155064723454302,4,0.4954,15.1,36.7,63.3,11.7,1.8,4.0,91.3,1.2,0.9,1.8,2.86,42.4,1069,45.8,444000,49451,16.6,64.0,23.5,47.7,0.4,3.9,0.0,7.9,2.4,17.5,45914,25658,14906,40564,70.5,13.1,27.0,8.5,5.4
3603701,2017,3603701 _ 2017,9319,111182,15.5,8.381752441942039,3,0.4921,9.570605187319881,32.3,67.7,6.7,1.7,2.6,88.3,0.5,0.9,3.8,2.49,20.6,1334,45.1,287300,60118,14.9,48.6,48.1,43.6,0.7,4.6,0.1,30.9,4.6,12.5,45431,28699,13675,42374,61.6,21.7,39.9,8.5,5.6
3603702,2017,3603702 _ 2017,55755,147447,68.4,37.8135872550815,5,0.4587,9.42887029288703,38.6,61.4,6.7,1.8,3.4,90.3,0.3,0.5,3.9,3.01,49.0,1269,51.4,404400,50526,16.5,72.2,22.9,12.8,0.6,3.1,0.1,12.3,2.6,13.6,51996,29769,18726,48495,54.4,9.7,22.7,10.1,7.1
3603703,2017,3603703 _ 2017,22179,122586,30.9,18.0926043757036,4,0.4411,8.70391517128874,45.6,54.4,4.9,1.6,1.4,90.8,0.4,0.3,1.7,2.49,31.8,1162,39.2,349500,58739,9.5,49.2,38.4,41.3,0.4,3.4,0.0,20.5,3.4,15.9,49998,25879,21672,47551,71.0,12.7,26.6,6.7,4.9
3603704,2017,3603704 _ 2017,16783,129590,24.3,12.950844972605902,3,0.4737,8.40948693126815,30.4,69.6,5.5,1.5,2.3,90.8,0.5,0.7,4.4,2.84,46.7,1252,47.6,436900,48948,17.9,64.2,46.7,33.2,0.9,8.2,0.1,30.0,3.3,14.2,47092,30992,13526,44518,57.0,24.0,24.1,10.7,6.7
3603705,2017,3603705 _ 2017,33390,174875,35.5,19.093638313080803,4,0.5186,8.09302325581395,7.1,92.9,5.8,5.0,1.8,89.6,0.7,0.6,5.2,2.92,56.2,973,50.5,386500,24916,37.8,68.5,63.3,13.8,0.5,0.9,0.1,46.2,3.0,15.1,60933,53353,4064,57417,60.6,26.4,13.3,10.9,8.2
3603706,2017,3603706 _ 2017,12740,133339,18.3,9.55459392975798,3,0.4751,8.35680751173709,6.4,93.6,4.6,2.5,2.3,89.5,0.7,1.4,7.7,2.91,36.0,1204,55.3,217300,33825,30.4,61.4,71.3,18.0,0.8,5.8,0.0,52.2,4.7,13.3,47286,42223,2899,45122,49.3,36.8,16.6,12.5,8.6
3603707,2017,3603707 _ 2017,24186,140324,33.0,17.235825660614,4,0.49200000000000005,7.85806451612903,3.8,96.2,5.0,4.8,2.4,91.7,0.4,0.7,7.6,3.03,52.7,1117,59.3,423900,26482,37.7,70.2,68.4,10.0,0.4,1.7,0.0,52.2,2.6,14.2,47649,43549,1735,45284,51.6,36.2,13.1,12.6,7.7
3603708,2017,3603708 _ 2017,27305,144614,35.1,18.8812977996598,4,0.4922,19.4871794871795,7.4,92.6,4.6,2.4,2.2,93.0,0.6,0.7,8.3,2.9,39.1,1114,55.8,198800,28190,34.4,42.0,65.5,11.5,0.6,1.8,0.0,47.4,3.6,15.4,51413,45407,3619,49026,51.5,36.2,15.0,13.6,6.6
3603709,2017,3603709 _ 2017,35385,190848,34.1,18.5409330985916,4,0.4715,10.6670493685419,21.9,78.1,5.4,1.2,2.3,92.5,0.4,0.5,4.5,2.92,47.4,1141,48.8,362700,37826,24.8,65.4,58.1,24.4,0.9,7.1,0.0,29.0,4.5,15.3,68500,50618,14215,64833,58.0,25.4,16.6,10.5,7.2
3603710,2017,3603710 _ 2017,26384,161041,33.2,16.3834054681727,4,0.5272,12.7692307692308,7.0,93.0,6.4,6.3,1.9,87.6,0.7,0.7,4.1,2.95,45.2,899,48.2,352600,24160,38.2,70.6,67.5,12.0,0.7,0.7,0.1,50.6,2.7,15.3,54190,47209,3527,50736,61.0,30.4,10.3,13.5,5.9
3603801,2017,3603801 _ 2017,15939,221929,13.5,7.182026684209809,3,0.479,15.283333333333301,9.2,90.8,5.4,4.5,1.6,89.1,0.3,0.4,5.2,2.88,14.6,1244,45.2,420500,47496,19.5,52.7,69.2,35.6,0.8,2.7,0.1,39.5,7.7,12.7,80024,68781,6957,75738,49.8,36.7,32.8,10.7,6.8
3603802,2017,3603802 _ 2017,17428,131494,26.1,13.2538366769586,3,0.5799,7.95841584158416,15.4,84.6,9.7,2.4,4.1,85.4,0.8,1.3,2.9,2.54,18.2,1248,44.6,630400,47781,18.5,55.1,38.0,39.5,0.5,8.5,0.0,14.7,10.5,10.5,52313,39972,7290,47262,62.9,19.9,45.1,10.6,4.1
3603803,2017,3603803 _ 2017,46189,138401,60.6,33.3733137766346,5,0.5669,6.45100502512563,13.3,86.7,9.2,3.1,4.0,89.8,0.6,1.0,1.8,2.41,33.2,1017,39.5,674500,43430,23.1,68.8,23.5,19.6,0.4,3.5,0.1,11.6,4.2,12.2,61871,48708,7466,56174,73.8,11.0,37.6,9.4,6.9
3603804,2017,3603804 _ 2017,24549,125720,35.3,19.526726057906497,4,0.6073,32.8148148148148,7.1,92.9,6.6,7.1,2.9,90.1,0.8,0.8,3.3,2.41,23.6,885,37.5,667300,32506,29.0,50.3,46.3,28.9,0.4,8.1,0.2,23.6,3.7,14.5,53083,46052,3521,49573,68.6,19.4,31.7,9.9,6.2
3603805,2017,3603805 _ 2017,3610,222517,2.9,1.62234795543711,2,0.5636,11.905051734631801,36.6,63.4,15.1,3.0,5.5,82.5,0.1,0.6,1.8,1.9,20.5,2210,33.4,1087800,118172,2.9,46.3,9.5,82.1,0.1,9.9,0.1,2.2,2.8,7.8,135920,73222,42230,115452,74.6,5.5,81.1,3.5,2.1
3603806,2017,3603806 _ 2017,8072,195455,7.2,4.12985086081195,2,0.5797,12.2901353965184,36.3,63.7,16.7,1.4,4.6,84.0,1.0,2.0,1.9,1.96,16.8,1919,32.8,1120200,112191,6.7,53.7,15.0,75.4,0.4,9.4,0.0,4.7,2.9,9.6,117386,62326,35502,97828,73.2,8.9,76.6,4.2,3.4
3603807,2017,3603807 _ 2017,4859,152195,6.9,3.1926147376720695,2,0.5628,9.56986301369863,23.4,76.6,18.9,2.4,6.7,78.9,0.7,1.8,2.7,1.72,22.7,2230,33.8,909900,103299,7.7,52.4,15.1,69.3,0.3,16.8,0.0,3.7,2.9,8.3,105506,65568,20015,85583,67.7,9.6,74.4,5.1,3.7
3603808,2017,3603808 _ 2017,2784,148802,3.6,1.8709425948576,2,0.5293,12.0507706255666,33.4,66.6,16.8,1.5,7.5,80.1,0.2,0.8,2.7,1.78,20.3,2372,34.9,781700,112907,3.9,49.7,9.0,76.0,0.2,15.9,0.0,1.2,3.0,7.6,96202,53267,26756,80023,75.1,6.1,79.4,3.9,2.4
3603809,2017,3603809 _ 2017,7454,159652,8.7,4.66890486808809,3,0.5753,10.7932011331445,12.2,87.8,7.0,2.0,3.0,86.5,0.2,1.0,3.4,2.08,19.6,1071,38.5,663000,43316,23.2,43.2,25.1,42.6,0.4,32.3,0.0,12.6,3.3,13.9,77765,63502,8814,72316,58.4,29.4,43.0,7.4,4.1
3603810,2017,3603810 _ 2017,1842,157712,2.5,1.16795170944506,1,0.5465,9.342709104367131,30.5,69.5,15.3,2.1,5.1,79.7,0.3,0.8,3.2,1.91,21.4,2628,31.0,1201100,133484,4.3,52.8,6.4,76.8,0.1,15.8,0.0,1.3,3.5,5.6,92575,54494,23902,78396,74.1,5.8,82.3,3.8,2.8
3603901,2017,3603901 _ 2017,949,165598,1.2,0.5730745540405079,1,0.4199,6.229554427523969,82.2,17.8,4.8,0.8,5.7,94.8,0.3,0.4,0.5,2.85,35.1,1288,42.2,504700,89975,5.6,69.4,9.9,92.0,0.1,4.7,0.0,1.1,0.9,9.0,60968,10310,47738,58048,83.3,7.2,33.4,3.5,3.2
3603902,2017,3603902 _ 2017,3586,136859,4.5,2.62021496576769,2,0.462,8.462471569370742,71.1,28.9,6.7,2.0,3.7,94.6,0.4,0.2,1.2,2.84,36.7,1309,45.3,467000,77120,8.7,66.5,13.7,76.3,0.3,14.0,0.1,2.9,1.8,10.5,50582,13662,33549,47211,69.8,13.8,32.7,5.6,3.2
3603903,2017,3603903 _ 2017,21844,173491,23.7,12.5908548570243,3,0.4871,8.043264503441499,56.1,43.9,10.0,3.6,8.1,93.0,0.5,0.7,1.8,2.79,32.3,1173,49.8,393000,62143,17.5,71.9,29.6,57.2,0.3,7.7,0.0,7.0,4.1,10.4,67629,26750,34141,60891,72.9,12.3,30.3,8.6,3.3
3604001,2017,3604001 _ 2017,6028,160799,6.8,3.74877953221102,2,0.5184,8.969072164948448,16.6,83.4,5.8,1.2,2.2,88.8,0.3,0.9,3.5,2.48,36.6,1659,40.3,830400,64900,20.4,57.0,23.0,74.1,0.4,7.5,0.0,8.1,2.9,9.2,68495,53817,10682,64499,71.5,22.0,47.8,8.5,4.1
3604002,2017,3604002 _ 2017,20269,135515,28.3,14.9570158285061,4,0.4958,10.0169082125604,13.5,86.5,7.8,1.9,3.6,87.8,0.5,0.6,4.2,2.9,45.6,1346,47.4,571000,45671,25.9,66.6,56.9,39.4,0.7,5.4,0.0,23.3,2.9,9.1,49900,39753,6230,45983,59.9,26.0,26.3,18.2,7.2
3604003,2017,3604003 _ 2017,42845,145259,55.0,29.4955906346595,5,0.5318,8.27319062181448,22.2,77.8,11.4,1.9,5.4,88.5,0.6,0.7,3.3,2.77,44.6,1188,45.5,762300,43021,25.8,70.7,19.3,30.3,0.5,3.3,0.0,7.3,3.5,10.5,58434,40311,11484,51795,76.7,12.1,31.6,8.8,6.8
3604004,2017,3604004 _ 2017,22379,139203,28.5,16.0765213393389,4,0.5444,8.010026737967909,31.8,68.2,9.3,2.0,2.4,83.8,0.5,0.8,3.1,2.23,28.8,1738,30.7,820200,85846,11.5,64.4,14.8,50.3,0.2,9.5,0.1,6.9,4.6,9.7,64464,39901,18600,58501,76.9,8.7,61.1,6.6,5.1
3604005,2017,3604005 _ 2017,5457,118940,7.8,4.58802757692954,3,0.5015,7.222031963470321,37.8,62.2,7.4,1.8,2.3,84.8,0.6,1.0,2.1,2.4,20.9,2097,28.5,1092200,114890,6.6,68.1,17.3,72.6,0.3,6.7,0.0,6.4,6.1,7.7,53168,30621,18586,49207,79.1,7.0,72.1,4.7,4.0
3604006,2017,3604006 _ 2017,45223,131395,61.5,34.4175957989269,5,0.5315,8.5770202020202,18.4,81.6,9.1,1.5,4.5,89.7,0.6,0.5,2.5,2.42,40.2,1235,43.8,789600,48363,21.7,69.0,12.6,23.9,0.2,4.0,0.0,6.5,3.9,9.8,58713,43506,9841,53347,67.8,7.6,39.1,10.3,5.1
3604007,2017,3604007 _ 2017,54736,121459,78.7,45.06541302003139,5,0.5517,9.65201465201465,17.1,82.9,9.8,2.1,4.9,92.0,0.7,0.8,2.5,2.56,50.1,943,54.3,440900,26951,30.2,69.1,21.5,7.7,0.4,1.4,0.0,9.6,2.2,14.1,49626,37110,7631,44741,67.0,10.1,13.6,9.5,8.3
3604008,2017,3604008 _ 2017,50592,158784,57.5,31.8621523579202,5,0.505,12.0276381909548,23.5,76.5,11.3,4.1,5.1,94.1,0.5,0.6,4.3,2.89,56.5,1137,48.7,435200,36895,24.6,74.8,37.1,21.3,0.4,4.6,0.1,13.8,2.2,11.7,61285,41566,12793,54359,59.4,15.9,14.6,7.8,5.1
3604009,2017,3604009 _ 2017,76053,211993,64.5,35.87524116362329,5,0.4391,8.023510553032331,58.5,41.5,6.5,1.3,3.4,94.9,0.6,0.5,2.5,3.07,45.4,1344,42.0,512400,72505,9.0,74.9,8.2,25.6,0.3,4.8,0.0,3.5,1.3,8.8,73367,28477,40104,68581,57.7,12.7,31.1,7.2,4.9
3604010,2017,3604010 _ 2017,70948,138044,89.6,51.3952073252007,5,0.4497,14.122847301951802,34.7,65.3,9.7,1.5,3.8,94.7,0.3,0.4,2.2,2.77,52.3,1267,50.4,440200,49070,13.7,71.9,7.4,3.6,0.1,1.5,0.0,3.7,1.4,8.6,54587,32206,17107,49313,46.2,8.7,23.7,10.4,4.9
3604011,2017,3604011 _ 2017,43063,110156,68.5,39.09274120338429,5,0.4944,7.8481012658227804,16.3,83.7,8.0,1.4,3.6,91.5,0.4,0.4,3.8,2.59,46.4,1268,48.1,613700,47788,15.8,63.9,8.9,23.3,0.1,1.9,0.1,3.9,2.2,8.1,45286,34893,6791,41684,56.7,10.6,30.7,10.5,6.6
3604012,2017,3604012 _ 2017,2021,149960,3.3,1.3476927180581497,1,0.4982,8.39902676399027,27.1,72.9,6.2,1.3,2.4,89.0,0.4,0.9,7.4,3.24,42.8,1385,50.2,762000,51714,23.8,56.0,41.1,37.5,0.6,32.2,0.0,23.3,3.1,8.5,48581,33230,12332,45562,48.3,49.3,27.3,16.2,4.5
3604013,2017,3604013 _ 2017,1310,124851,2.0,1.04925070684256,1,0.4839,9.454277286135689,40.1,59.9,10.1,1.9,5.3,89.9,0.3,0.8,4.3,2.59,37.8,1402,43.5,768500,64167,13.1,49.9,15.9,63.2,0.4,24.6,0.0,6.9,2.8,10.6,53436,28781,19259,48040,57.8,28.2,40.5,8.1,4.5
3604014,2017,3604014 _ 2017,1864,164461,2.5,1.13339940776233,1,0.5091,6.17219020172911,34.3,65.7,7.1,1.5,2.6,93.8,0.3,1.0,7.5,3.56,55.5,1405,61.0,793500,44591,26.3,54.6,10.8,74.4,0.3,14.4,0.0,6.3,2.1,9.3,49294,30094,15699,45793,67.9,30.9,28.7,7.5,3.5
3604015,2017,3604015 _ 2017,29698,164081,32.3,18.099597150188,4,0.5039,6.10235026535254,22.8,77.2,5.8,2.3,2.2,92.0,0.3,0.9,6.0,2.84,38.0,1332,50.1,705200,51313,16.2,61.5,15.7,44.6,0.2,10.8,0.0,9.6,2.5,10.2,60897,44286,13086,57372,56.1,26.2,37.3,11.2,4.9
3604016,2017,3604016 _ 2017,3801,154037,4.4,2.4675889559002098,2,0.4879,8.01932367149758,47.4,52.6,7.6,1.7,2.6,91.2,0.3,0.7,3.1,2.7,42.3,1307,48.0,562900,57692,12.5,49.5,10.0,71.9,0.3,17.3,0.1,3.8,2.1,11.3,61235,29740,26838,56578,49.3,34.6,39.9,7.4,4.1
3604017,2017,3604017 _ 2017,1247,191977,1.2,0.649556978179678,1,0.4739,7.31838281743525,36.1,63.9,6.2,0.9,2.3,90.0,0.3,0.7,4.0,3.0,51.9,1304,48.9,723300,51667,14.6,50.5,14.4,48.5,0.3,40.0,0.0,8.3,1.7,11.0,67871,40704,22952,63656,42.2,47.1,29.5,10.4,4.4
3604018,2017,3604018 _ 2017,7927,114207,12.3,6.9409055486966595,3,0.5423,6.49098621420997,30.1,69.9,8.3,3.0,1.9,91.6,0.4,0.6,3.7,2.47,41.3,998,46.5,465800,35857,18.8,44.6,15.7,62.6,0.3,14.0,0.0,8.1,2.6,19.4,49744,31902,13737,45639,43.9,43.8,36.6,9.1,5.4
3604101,2017,3604101 _ 2017,7257,173656,7.6,4.17895149030267,2,0.4671,10.4318996415771,18.2,81.8,11.3,0.6,2.3,87.0,0.2,0.4,2.5,2.38,46.3,1556,38.4,660000,59954,12.7,44.0,26.8,61.8,0.3,16.5,0.1,10.3,3.4,9.7,81890,59399,13219,72618,56.8,24.2,44.9,10.8,5.0
3604102,2017,3604102 _ 2017,6434,180187,6.4,3.5707348476860203,2,0.4284,11.5940919037199,34.6,65.4,10.9,2.4,1.9,92.4,0.4,1.3,7.6,3.32,44.3,1450,53.7,471800,53344,13.8,56.9,66.9,42.6,0.5,17.4,0.1,30.1,3.0,8.4,60464,35252,18614,53866,38.2,48.1,20.1,21.2,3.7
3604103,2017,3604103 _ 2017,3332,252138,2.5,1.32149854444788,1,0.4772,8.2772397094431,48.1,51.9,9.3,2.0,4.0,92.2,0.2,0.6,3.1,2.87,43.9,1454,56.4,586000,53236,13.8,49.0,17.4,32.4,0.3,52.7,0.1,9.5,2.5,8.5,96004,45222,41849,87071,41.5,53.2,26.2,17.0,2.8
3604104,2017,3604104 _ 2017,1372,121139,2.1,1.132583230834,1,0.4353,7.12774193548387,70.7,29.3,5.7,0.9,2.3,92.5,0.2,0.7,0.8,2.76,37.2,1699,43.6,627800,78380,6.9,53.8,11.5,46.9,0.1,44.3,0.0,3.9,2.7,8.6,46255,12793,30803,43596,55.7,31.4,42.1,7.9,3.2
3604105,2017,3604105 _ 2017,63797,205640,57.4,31.023633534331797,5,0.3959,7.725384615384621,72.0,28.0,5.8,0.9,2.8,93.0,0.3,0.6,0.7,3.34,36.3,1531,43.4,437500,82061,6.0,69.1,12.3,15.9,0.4,15.1,0.1,7.4,3.7,9.5,64223,16945,43584,60529,56.2,13.0,29.2,7.1,5.0
3604106,2017,3604106 _ 2017,12371,165028,12.6,7.49630365756114,3,0.4532,8.282569898869719,46.3,53.7,5.9,1.3,2.6,90.7,0.1,0.6,2.5,2.88,38.6,1443,48.9,529700,62657,10.9,54.3,19.2,38.3,0.3,34.6,0.0,10.0,4.2,9.1,58835,29764,25627,55391,50.9,27.7,39.3,9.0,5.3
3604107,2017,3604107 _ 2017,6510,143228,8.7,4.5452006590890095,2,0.4453,10.7663366336634,25.5,74.5,9.3,1.3,1.4,92.2,0.6,1.7,9.6,3.34,57.5,1437,54.9,506500,47035,15.9,50.1,49.7,32.3,0.6,34.5,0.0,21.4,2.5,10.8,46968,31736,10857,42593,35.3,50.7,22.0,19.5,3.6
3604108,2017,3604108 _ 2017,1853,116607,3.1,1.5890984246228799,1,0.4753,11.2615955473098,45.5,54.5,7.8,1.9,2.7,90.1,0.3,0.7,3.2,2.25,23.1,1591,44.9,368700,70478,7.9,51.7,15.8,59.3,0.3,29.4,0.1,3.9,4.0,11.1,56039,28160,23496,51656,47.3,25.8,55.7,6.2,3.1
3604109,2017,3604109 _ 2017,962,138893,2.0,0.6926194984628461,1,0.4512,8.997742663656881,28.2,71.8,10.7,1.0,3.2,89.5,0.2,0.7,4.5,2.63,35.8,1609,42.7,527700,63961,9.4,53.9,32.4,51.6,0.3,35.8,0.0,7.2,3.2,6.2,58651,37585,14777,52362,43.1,39.6,39.4,15.3,3.2
3604110,2017,3604110 _ 2017,1531,181598,1.8,0.8430709589312659,1,0.4319,9.78754098360656,42.7,57.3,8.2,0.2,3.4,93.0,0.4,0.6,1.5,2.93,41.9,1420,41.2,577100,68323,8.7,56.6,36.5,79.6,0.2,8.8,0.0,7.4,2.2,7.1,67293,35426,26353,61779,57.4,23.4,27.5,12.0,3.8
3604111,2017,3604111 _ 2017,5266,155032,6.3,3.39671809690903,2,0.4262,8.285054818234281,46.4,53.6,7.7,2.0,3.2,89.8,0.5,1.0,2.7,3.45,44.6,1459,46.8,458500,65330,12.3,69.2,42.2,38.7,0.6,26.9,0.0,22.3,5.2,8.6,48492,23994,20760,44754,45.7,26.6,26.2,12.6,4.7
3604112,2017,3604112 _ 2017,84438,244302,63.2,34.562958960630695,5,0.4276,9.56091370558376,48.9,51.1,6.7,1.9,2.9,92.3,0.2,0.4,3.4,3.38,46.5,1253,48.0,406200,58485,10.5,75.6,16.7,5.6,0.5,12.5,0.0,14.9,3.2,10.5,76446,36407,34880,71287,55.4,14.3,21.0,10.8,7.1
3604113,2017,3604113 _ 2017,11475,138868,15.8,8.263242791715879,3,0.4412,7.386303775241441,66.0,34.0,7.4,1.7,1.8,92.6,0.3,0.3,2.1,3.52,42.8,1464,50.2,457300,69462,10.7,64.7,25.7,32.4,0.6,22.6,0.0,22.4,6.1,11.6,42527,13367,25992,39359,51.5,13.3,21.3,10.0,5.7
3604114,2017,3604114 _ 2017,26490,123012,37.6,21.534484440542396,4,0.4975,7.14981818181818,37.1,62.9,11.4,1.7,3.1,91.4,0.7,0.9,2.0,2.87,41.2,1122,44.6,453400,51249,16.8,64.5,24.4,49.2,0.3,3.5,0.1,7.3,2.0,17.2,46348,25817,15239,41056,70.6,12.6,27.6,7.4,5.1
